event,parameter,station,date,min,max,mean,median,station_name
Matthew,cdepth,aceeiwq,2016-10-05,5.9383204,11.1220476,8.32124629473684,8.1692916,Edisto Island (EI)
Matthew,cdepth,aceeiwq,2016-10-06,6.4960632,11.3517064,8.8746722,9.0059058,Edisto Island (EI)
Matthew,cdepth,aceeiwq,2016-10-07,6.7913388,11.975066,9.43173149166667,9.4980318,Edisto Island (EI)
Matthew,cdepth,aceeiwq,2016-10-08,4.593176,13.8123364,10.0872159833333,10.0393704,Edisto Island (EI)
Matthew,cdepth,aceeiwq,2016-10-09,4.5603676,10.66273,7.87025670416667,8.0052496,Edisto Island (EI)
Matthew,cdepth,aceeiwq,2016-10-10,5.8727036,11.4173232,8.76736139166667,9.0387142,Edisto Island (EI)
Matthew,cdepth,aceeiwq,2016-10-11,6.3320212,8.4317588,7.01327797647059,6.8241472,Edisto Island (EI)
Matthew,cdepth,acefcwq,2016-10-05,7.0209976,12.2703416,9.95778108947368,10.3838586,Fishing Creek (FC)
Matthew,cdepth,acefcwq,2016-10-06,7.4146984,12.467192,10.3339624916667,10.7283468,Fishing Creek (FC)
Matthew,cdepth,acefcwq,2016-10-07,7.7755908,13.0577432,10.7963558791667,11.2040686,Fishing Creek (FC)
Matthew,cdepth,acefcwq,2016-10-08,6.4304464,15.2230976,12.018127025,11.48294,Fishing Creek (FC)
Matthew,cdepth,acefcwq,2016-10-09,5.4790028,11.8438324,9.1791751625,9.678478,Fishing Creek (FC)
Matthew,cdepth,acefcwq,2016-10-10,6.6601052,12.5984256,10.049623025,10.6299216,Fishing Creek (FC)
Matthew,cdepth,acefcwq,2016-10-11,7.3490816,11.5485568,9.08020717647059,8.8254596,Fishing Creek (FC)
Matthew,cdepth,acegpwq,2016-10-05,8.3989504,13.7139112,11.3892633842105,11.7125988,Grove Plantation (GP)
Matthew,cdepth,acegpwq,2016-10-06,8.5958008,13.8779532,11.6644114625,12.057087,Grove Plantation (GP)
Matthew,cdepth,acegpwq,2016-10-07,8.9895016,14.435696,12.083743825,12.5328088,Grove Plantation (GP)
Matthew,cdepth,acegpwq,2016-10-08,9.7440948,15.8136488,13.2723648166667,13.12336,Grove Plantation (GP)
Matthew,cdepth,acegpwq,2016-10-09,7.8083992,13.3202104,10.7966976333333,11.1712602,Grove Plantation (GP)
Matthew,cdepth,acegpwq,2016-10-10,8.366142,14.0419952,11.5123308583333,11.9914702,Grove Plantation (GP)
Matthew,cdepth,acegpwq,2016-10-11,9.186352,13.0249348,10.9715149411765,10.9251972,Grove Plantation (GP)
Matthew,cdepth,acejiwq,2016-10-05,13.4186356,18.6679796,16.1041758157895,16.2237538,Jehossee Island (JI)
Matthew,cdepth,acejiwq,2016-10-06,13.8123364,18.7992132,16.5610651625,16.8307092,Jehossee Island (JI)
Matthew,cdepth,acejiwq,2016-10-07,14.1404204,19.3897644,17.0511406375,17.3392394,Jehossee Island (JI)
Matthew,cdepth,acejiwq,2016-10-08,13.0905516,21.2598432,17.9215885,17.8313654,Jehossee Island (JI)
Matthew,cdepth,acejiwq,2016-10-09,11.975066,18.2414704,15.5135886416667,15.8628614,Jehossee Island (JI)
Matthew,cdepth,acejiwq,2016-10-10,13.12336,18.9304468,16.3840365041667,16.9127302,Jehossee Island (JI)
Matthew,cdepth,acejiwq,2016-10-11,13.8123364,16.896326,14.8815042588235,14.5341212,Jehossee Island (JI)
Matthew,cdepth,acemcwq,2016-10-05,10.826772,15.8464572,13.4311545947368,13.615486,Mosquito Creek (MC)
Matthew,cdepth,acemcwq,2016-10-06,11.1876644,16.0433076,13.8769279375,14.1404204,Mosquito Creek (MC)
Matthew,cdepth,acemcwq,2016-10-07,11.5485568,16.6010504,14.3618771,14.681759,Mosquito Creek (MC)
Matthew,cdepth,acemcwq,2016-10-08,6.6272968,18.7992132,13.8584732125,14.599738,Mosquito Creek (MC)
Matthew,cdepth,acemcwq,2016-10-09,5.6758532,11.5813652,8.97343915416667,9.2847772,Mosquito Creek (MC)
Matthew,cdepth,acemcwq,2016-10-10,6.6601052,12.3359584,9.8558484125,10.4002628,Mosquito Creek (MC)
Matthew,cdepth,acemcwq,2016-10-11,7.3490816,10.5314964,8.48000644705882,8.1036748,Mosquito Creek (MC)
Matthew,cdepth,acespwq,2016-10-05,7.2506564,12.4343836,9.62883371052632,9.514436,St. Pierre (SP)
Matthew,cdepth,acespwq,2016-10-06,7.7427824,12.631234,10.1846159208333,10.334646,St. Pierre (SP)
Matthew,cdepth,acespwq,2016-10-07,8.0708664,13.287402,10.7399664416667,10.826772,St. Pierre (SP)
Matthew,cdepth,acespwq,2016-10-08,5.8398952,15.2230976,11.3479471041667,11.2860896,St. Pierre (SP)
Matthew,cdepth,acespwq,2016-10-09,5.7742784,11.8438324,9.09031907916667,9.186352,St. Pierre (SP)
Matthew,cdepth,acespwq,2016-10-10,7.0209976,12.5984256,9.9809304375,10.2690292,St. Pierre (SP)
Matthew,cdepth,acespwq,2016-10-11,7.545932,9.5472444,8.19438037647059,8.038058,St. Pierre (SP)
Matthew,cdepth,niwcbwq,2016-10-05,4.4947508,9.02231,6.83882464210526,6.725722,Clambank (CB)
Matthew,cdepth,niwcbwq,2016-10-06,5.249344,9.0551184,7.12523262083333,7.1686354,Clambank (CB)
Matthew,cdepth,niwcbwq,2016-10-07,5.6758532,9.350394,7.41025559583333,7.38189,Clambank (CB)
Matthew,cdepth,niwcbwq,2016-10-08,3.7401576,11.811024,8.80939715416667,9.0551184,Clambank (CB)
Matthew,cdepth,niwcbwq,2016-10-09,2.7230972,7.4146984,5.04565851666667,5.0524936,Clambank (CB)
Matthew,cdepth,niwcbwq,2016-10-10,3.8713912,8.5629924,6.34808364583333,6.4468506,Clambank (CB)
Matthew,cdepth,niwcbwq,2016-10-11,4.7900264,6.397638,5.33618976470588,5.1837272,Clambank (CB)
Matthew,cdepth,niwdcwq,2016-10-05,7.6115488,11.48294,9.37888550526316,9.2847772,Debidue Creek (DC)
Matthew,cdepth,niwdcwq,2016-10-06,7.7427824,11.5813652,9.61456997083333,9.6292654,Debidue Creek (DC)
Matthew,cdepth,niwdcwq,2016-10-07,8.1364832,11.8766408,9.86986033333333,9.8261158,Debidue Creek (DC)
Matthew,cdepth,niwdcwq,2016-10-08,7.6443572,15.1902892,11.5492403083333,11.6961946,Debidue Creek (DC)
Matthew,cdepth,niwdcwq,2016-10-09,6.3320212,10.7283468,8.4799461375,8.530184,Debidue Creek (DC)
Matthew,cdepth,niwdcwq,2016-10-10,7.3490816,11.9094492,9.70957762916667,9.7933074,Debidue Creek (DC)
Matthew,cdepth,niwdcwq,2016-10-11,8.1692916,9.9409452,8.82159978823529,8.5958008,Debidue Creek (DC)
Matthew,cdepth,niwolwq,2016-10-05,5.1837272,9.0551184,6.992126208,6.9553808,Oyster Landing (OL)
Matthew,cdepth,niwolwq,2016-10-06,5.2821524,9.1535436,7.24689710416667,7.3162732,Oyster Landing (OL)
Matthew,cdepth,niwolwq,2016-10-07,5.7086616,9.4488192,7.48817554583333,7.463911,Oyster Landing (OL)
Matthew,cdepth,niwolwq,2016-10-08,5.0524936,12.7624676,9.25333581666667,9.3832024,Oyster Landing (OL)
Matthew,cdepth,niwolwq,2016-10-09,3.6745408,8.3005252,5.99231755833333,6.0367456,Oyster Landing (OL)
Matthew,cdepth,niwolwq,2016-10-10,4.7900264,9.4816276,7.26159253333333,7.299869,Oyster Landing (OL)
Matthew,cdepth,niwolwq,2016-10-11,5.6758532,7.6115488,6.42079687058824,6.233596,Oyster Landing (OL)
Matthew,cdepth,niwtawq,2016-10-05,7.8083992,10.9251972,9.26794131052632,9.2027562,Thousand Acre (TA)
Matthew,cdepth,niwtawq,2016-10-06,7.9068244,10.9580056,9.49939881666667,9.596457,Thousand Acre (TA)
Matthew,cdepth,niwtawq,2016-10-07,8.1036748,11.1876644,9.7451200625,9.7933074,Thousand Acre (TA)
Matthew,cdepth,niwtawq,2016-10-08,8.7270344,13.7467196,11.3882740958333,11.564961,Thousand Acre (TA)
Matthew,cdepth,niwtawq,2016-10-09,7.3490816,10.7283468,8.835712225,8.6286092,Thousand Acre (TA)
Matthew,cdepth,niwtawq,2016-10-10,7.874016,11.48294,9.7676758375,9.9081368,Thousand Acre (TA)
Matthew,cdepth,niwtawq,2016-10-11,8.5629924,10.0393704,9.05318849411765,8.8910764,Thousand Acre (TA)
Matthew,cdepth,niwwbwq,2016-10-05,15.6167984,18.7664048,17.0927447105263,17.0275596,Winyah Bay Bottom (WB)
Matthew,cdepth,niwwbwq,2016-10-06,15.7152236,18.7992132,17.2852422416667,17.388452,Winyah Bay Bottom (WB)
Matthew,cdepth,niwwbwq,2016-10-07,15.912074,19.1272972,17.5367733083333,17.6509192,Winyah Bay Bottom (WB)
Matthew,cdepth,niwwbwq,2016-10-08,16.5026252,21.5879272,19.2763020166667,19.3897644,Winyah Bay Bottom (WB)
Matthew,cdepth,niwwbwq,2016-10-09,15.2230976,18.6351712,16.6803373666667,16.5190294,Winyah Bay Bottom (WB)
Matthew,cdepth,niwwbwq,2016-10-10,15.7152236,19.4553812,17.6519444625,17.7657486,Winyah Bay Bottom (WB)
Matthew,cdepth,niwwbwq,2016-10-11,16.4698168,17.9790032,16.9908913882353,16.8307092,Winyah Bay Bottom (WB)
Matthew,cdepth,niwwswq,2016-10-05,2.2637796,5.4461944,3.77728289473684,3.7237534,Winyah Bay Surface (WS)
Matthew,cdepth,niwwswq,2016-10-06,2.3950132,5.5118112,3.99408094583333,4.0846458,Winyah Bay Surface (WS)
Matthew,cdepth,niwwswq,2016-10-07,2.5262468,5.8070868,4.2435614875,4.347113,Winyah Bay Surface (WS)
Matthew,cdepth,niwwswq,2016-10-08,3.1824148,8.2021,5.96121792916667,6.069554,Winyah Bay Surface (WS)
Matthew,cdepth,niwwswq,2016-10-09,1.9028872,5.2821524,3.3536336375,3.198819,Winyah Bay Surface (WS)
Matthew,cdepth,niwwswq,2016-10-10,2.3622048,6.2007876,4.3307088,4.4127298,Winyah Bay Surface (WS)
Matthew,cdepth,niwwswq,2016-10-11,3.116798,4.6916012,3.64945202352941,3.5104988,Winyah Bay Surface (WS)
Matthew,cdepth,nocrcwq,2016-10-05,4.0354332,7.8412076,5.62879904736842,5.3805776,Research Creek (RC)
Matthew,cdepth,nocrcwq,2016-10-06,4.265092,7.9724412,5.99197580416667,5.987533,Research Creek (RC)
Matthew,cdepth,nocrcwq,2016-10-07,4.593176,8.0052496,6.165928675,6.1187666,Research Creek (RC)
Matthew,cdepth,nocrcwq,2016-10-08,5.1837272,9.8097116,7.53089481666667,7.4311026,Research Creek (RC)
Matthew,cdepth,nocrcwq,2016-10-09,3.3136484,7.4803152,4.960219975,4.7900264,Research Creek (RC)
Matthew,cdepth,nocrcwq,2016-10-10,4.3963256,8.2677168,6.198737075,6.233596,Research Creek (RC)
Matthew,cdepth,nocrcwq,2016-10-11,4.593176,5.8398952,5.03705435294118,4.9868768,Research Creek (RC)
Matthew,cdepth,noczbwq,2016-10-05,0.3608924,4.3635172,2.07297285263158,1.8700788,Zeke's Basin (ZB)
Matthew,cdepth,noczbwq,2016-10-06,0.4265092,4.3963256,2.3058153625,2.3129922,Zeke's Basin (ZB)
Matthew,cdepth,noczbwq,2016-10-07,0.7217848,4.5275592,2.61100183333333,2.6082678,Zeke's Basin (ZB)
Matthew,cdepth,noczbwq,2016-10-08,1.148294,6.6272968,3.71999410416667,3.6745408,Zeke's Basin (ZB)
Matthew,cdepth,noczbwq,2016-10-09,0.1312336,4.429134,1.8198409375,1.722441,Zeke's Basin (ZB)
Matthew,cdepth,noczbwq,2016-10-10,0.5905512,4.9540684,2.59972394583333,2.6410762,Zeke's Basin (ZB)
Matthew,cdepth,noczbwq,2016-10-11,1.148294,2.6902888,1.71568632941176,1.5419948,Zeke's Basin (ZB)
Matthew,chlfluor,niwolwq,2016-10-05,5.5,21.9,9.584,9,Oyster Landing (OL)
Matthew,chlfluor,niwolwq,2016-10-06,5.2,14.5,8.95416666666667,9,Oyster Landing (OL)
Matthew,chlfluor,niwolwq,2016-10-07,5.5,12.7,8.93541666666667,8.95,Oyster Landing (OL)
Matthew,chlfluor,niwolwq,2016-10-08,8.2,17.5,10.9666666666667,10.5,Oyster Landing (OL)
Matthew,chlfluor,niwolwq,2016-10-09,7.3,22.9,15.3270833333333,15.85,Oyster Landing (OL)
Matthew,chlfluor,niwolwq,2016-10-10,7.6,16.8,10.8885416666667,10.3,Oyster Landing (OL)
Matthew,chlfluor,niwolwq,2016-10-11,7.8,11.1,9.4,9.3,Oyster Landing (OL)
Matthew,chlfluor,niwwswq,2016-10-05,7.6,13.9,9.17631578947368,9.1,Winyah Bay Surface (WS)
Matthew,chlfluor,niwwswq,2016-10-06,7.1,11.6,8.06770833333333,7.85,Winyah Bay Surface (WS)
Matthew,chlfluor,niwwswq,2016-10-07,6.8,8.5,7.25416666666667,7.15,Winyah Bay Surface (WS)
Matthew,chlfluor,niwwswq,2016-10-08,6.5,10.2,7.86770833333333,7.7,Winyah Bay Surface (WS)
Matthew,chlfluor,niwwswq,2016-10-09,6.1,8.5,7.30833333333333,7.2,Winyah Bay Surface (WS)
Matthew,chlfluor,niwwswq,2016-10-10,6.5,7.7,7.17291666666667,7.15,Winyah Bay Surface (WS)
Matthew,chlfluor,niwwswq,2016-10-11,6.8,8.1,7.40588235294118,7.3,Winyah Bay Surface (WS)
Matthew,chlfluor,nocrcwq,2016-10-05,1.2,4.8,3.33947368421053,3.35,Research Creek (RC)
Matthew,chlfluor,nocrcwq,2016-10-06,1.8,6,3.33854166666667,3.2,Research Creek (RC)
Matthew,chlfluor,nocrcwq,2016-10-07,1.5,5,3.12604166666667,3.15,Research Creek (RC)
Matthew,chlfluor,nocrcwq,2016-10-08,2.1,45.9,4.69166666666667,3.8,Research Creek (RC)
Matthew,chlfluor,nocrcwq,2016-10-09,2.6,19.2,4.925,4.3,Research Creek (RC)
Matthew,chlfluor,nocrcwq,2016-10-10,1.5,4.7,2.97604166666667,2.9,Research Creek (RC)
Matthew,chlfluor,nocrcwq,2016-10-11,2,4,2.65294117647059,2.5,Research Creek (RC)
Matthew,depth,aceeiwq,2016-10-05,6.069554,11.318898,8.46327213157895,8.3005252,Edisto Island (EI)
Matthew,depth,aceeiwq,2016-10-06,6.6272968,11.5157484,9.02709455833333,9.186352,Edisto Island (EI)
Matthew,depth,aceeiwq,2016-10-07,6.7585304,11.8438324,9.3801266125,9.4488192,Edisto Island (EI)
Matthew,depth,aceeiwq,2016-10-08,4.4619424,13.0577432,9.49222197916667,9.5636486,Edisto Island (EI)
Matthew,depth,aceeiwq,2016-10-09,4.4619424,10.826772,7.95979629583333,8.0872706,Edisto Island (EI)
Matthew,depth,aceeiwq,2016-10-10,6.1351708,11.7782156,9.11663415,9.3832024,Edisto Island (EI)
Matthew,depth,aceeiwq,2016-10-11,6.7585304,8.8254596,7.44557689411765,7.2506564,Edisto Island (EI)
Matthew,depth,acefcwq,2016-10-05,7.1850396,12.4343836,10.0998069263158,10.5314964,Fishing Creek (FC)
Matthew,depth,acefcwq,2016-10-06,7.5787404,12.5984256,10.48638485,10.8595804,Fishing Creek (FC)
Matthew,depth,acefcwq,2016-10-07,7.7427824,12.8608928,10.744751,11.1384518,Fishing Creek (FC)
Matthew,depth,acefcwq,2016-10-08,6.2992128,14.2060372,11.4231330208333,11.0892392,Fishing Creek (FC)
Matthew,depth,acefcwq,2016-10-09,5.3805776,12.0078744,9.26871475416667,9.7276906,Fishing Creek (FC)
Matthew,depth,acefcwq,2016-10-10,6.9225724,12.959318,10.3988957833333,11.0072182,Fishing Creek (FC)
Matthew,depth,acefcwq,2016-10-11,7.8083992,11.9422576,9.51250609411765,9.2519688,Fishing Creek (FC)
Matthew,depth,acegpwq,2016-10-05,8.5629924,13.8779532,11.5312892210526,11.8438324,Grove Plantation (GP)
Matthew,depth,acegpwq,2016-10-06,8.7598428,14.0091868,11.8168338208333,12.221129,Grove Plantation (GP)
Matthew,depth,acegpwq,2016-10-07,8.9895016,14.2388456,12.0321389458333,12.4507878,Grove Plantation (GP)
Matthew,depth,acegpwq,2016-10-08,9.6128612,14.8293968,12.6773708125,12.6968508,Grove Plantation (GP)
Matthew,depth,acegpwq,2016-10-09,7.9068244,13.4842524,10.886237225,11.3024938,Grove Plantation (GP)
Matthew,depth,acegpwq,2016-10-10,8.6286092,14.4028876,11.8616036166667,12.3195542,Grove Plantation (GP)
Matthew,depth,acegpwq,2016-10-11,9.6456696,13.4186356,11.4038138588235,11.3517064,Grove Plantation (GP)
Matthew,depth,acejiwq,2016-10-05,13.5826776,18.8320216,16.2462016526316,16.3385832,Jehossee Island (JI)
Matthew,depth,acejiwq,2016-10-06,13.9763784,18.9632552,16.7134875208333,17.0111554,Jehossee Island (JI)
Matthew,depth,acejiwq,2016-10-07,14.107612,19.2257224,16.9995357583333,17.306431,Jehossee Island (JI)
Matthew,depth,acejiwq,2016-10-08,12.959318,20.4068248,17.3265944958333,17.3720478,Jehossee Island (JI)
Matthew,depth,acejiwq,2016-10-09,11.9094492,18.4055124,15.6031282333333,15.994095,Jehossee Island (JI)
Matthew,depth,acejiwq,2016-10-10,13.3858272,19.2913392,16.7333092625,17.306431,Jehossee Island (JI)
Matthew,depth,acejiwq,2016-10-11,14.271654,17.2900268,15.3138031764706,14.9606304,Jehossee Island (JI)
Matthew,depth,acemcwq,2016-10-05,10.990814,16.0104992,13.5731804315789,13.7303154,Mosquito Creek (MC)
Matthew,depth,acemcwq,2016-10-06,11.3517064,16.1745412,14.0293502958333,14.3044624,Mosquito Creek (MC)
Matthew,depth,acemcwq,2016-10-07,11.5157484,16.4370084,14.3102722208333,14.6161422,Mosquito Creek (MC)
Matthew,depth,acemcwq,2016-10-08,6.4960632,17.7493444,13.2634792083333,14.1404204,Mosquito Creek (MC)
Matthew,depth,acemcwq,2016-10-09,5.6102364,11.7454072,9.06297874583333,9.3996066,Mosquito Creek (MC)
Matthew,depth,acemcwq,2016-10-10,6.9225724,12.6968508,10.2051211708333,10.7611552,Mosquito Creek (MC)
Matthew,depth,acemcwq,2016-10-11,7.8083992,10.9251972,8.91230536470588,8.530184,Mosquito Creek (MC)
Matthew,depth,acespwq,2016-10-05,7.38189,12.5984256,9.77085954736842,9.6292654,St. Pierre (SP)
Matthew,depth,acespwq,2016-10-06,7.874016,12.795276,10.3370382791667,10.498688,St. Pierre (SP)
Matthew,depth,acespwq,2016-10-07,8.038058,13.1889768,10.6883615625,10.7939636,St. Pierre (SP)
Matthew,depth,acespwq,2016-10-08,5.7086616,14.4685044,10.7529531,10.7939636,St. Pierre (SP)
Matthew,depth,acespwq,2016-10-09,5.6758532,12.0078744,9.17985867083333,9.3339898,St. Pierre (SP)
Matthew,depth,acespwq,2016-10-10,7.2834648,12.959318,10.3302031958333,10.6299216,St. Pierre (SP)
Matthew,depth,acespwq,2016-10-11,7.9724412,9.9409452,8.62667929411765,8.4645672,St. Pierre (SP)
Matthew,depth,niwcbwq,2016-10-05,4.593176,9.186352,6.9527906631579,6.8241472,Clambank (CB)
Matthew,depth,niwcbwq,2016-10-06,5.3805776,9.2191604,7.25749148333333,7.299869,Clambank (CB)
Matthew,depth,niwcbwq,2016-10-07,5.6430448,9.3175856,7.39385139583333,7.38189,Clambank (CB)
Matthew,depth,niwcbwq,2016-10-08,3.3792652,10.498688,8.16519055,8.4153546,Clambank (CB)
Matthew,depth,niwcbwq,2016-10-09,2.46063,7.4803152,5.01831818333333,5.085302,Clambank (CB)
Matthew,depth,niwcbwq,2016-10-10,4.0682416,8.8910764,6.65600415,6.7585304,Clambank (CB)
Matthew,depth,niwcbwq,2016-10-11,5.2165356,6.7585304,5.73954009411765,5.6102364,Clambank (CB)
Matthew,depth,niwdcwq,2016-10-05,7.7427824,11.646982,9.49285152631579,9.3996066,Debidue Creek (DC)
Matthew,depth,niwdcwq,2016-10-06,7.874016,11.7125988,9.74682883333333,9.760499,Debidue Creek (DC)
Matthew,depth,niwdcwq,2016-10-07,8.1036748,11.811024,9.85345613333333,9.84252,Debidue Creek (DC)
Matthew,depth,niwdcwq,2016-10-08,7.2834648,13.779528,10.9050337041667,11.0236224,Debidue Creek (DC)
Matthew,depth,niwdcwq,2016-10-09,6.069554,10.7939636,8.45260580416667,8.5465882,Debidue Creek (DC)
Matthew,depth,niwdcwq,2016-10-10,7.545932,12.2375332,10.0174981333333,10.1049872,Debidue Creek (DC)
Matthew,depth,niwdcwq,2016-10-11,8.5958008,10.3018376,9.22495011764706,9.02231,Debidue Creek (DC)
Matthew,depth,niwolwq,2016-10-05,5.3149608,9.2191604,7.10586199466667,7.0866144,Oyster Landing (OL)
Matthew,depth,niwolwq,2016-10-06,5.413386,9.2847772,7.37915596666667,7.4475068,Oyster Landing (OL)
Matthew,depth,niwolwq,2016-10-07,5.6758532,9.3832024,7.47177134583333,7.4311026,Oyster Landing (OL)
Matthew,depth,niwolwq,2016-10-08,4.6916012,11.3845148,8.6091292125,8.7106302,Oyster Landing (OL)
Matthew,depth,niwolwq,2016-10-09,3.4120736,8.366142,5.964977225,6.0367456,Oyster Landing (OL)
Matthew,depth,niwolwq,2016-10-10,4.9868768,9.8097116,7.5695130375,7.627953,Oyster Landing (OL)
Matthew,depth,niwolwq,2016-10-11,6.1023624,7.9724412,6.8241472,6.6272968,Oyster Landing (OL)
Matthew,depth,niwtawq,2016-10-05,7.9396328,11.0564308,9.38190733157895,9.3175856,Thousand Acre (TA)
Matthew,depth,niwtawq,2016-10-06,8.038058,11.0892392,9.63165767916667,9.7112864,Thousand Acre (TA)
Matthew,depth,niwtawq,2016-10-07,8.2021,11.1220476,9.7287158625,9.7769032,Thousand Acre (TA)
Matthew,depth,niwtawq,2016-10-08,8.366142,12.3687668,10.7440674916667,10.8595804,Thousand Acre (TA)
Matthew,depth,niwtawq,2016-10-09,7.4475068,10.7939636,8.80837189166667,8.6614176,Thousand Acre (TA)
Matthew,depth,niwtawq,2016-10-10,8.0708664,11.811024,10.0755963416667,10.2362208,Thousand Acre (TA)
Matthew,depth,niwtawq,2016-10-11,8.9895016,10.4002628,9.45653882352941,9.2847772,Thousand Acre (TA)
Matthew,depth,niwwbwq,2016-10-05,15.748032,18.8976384,17.2067107315789,17.142389,Winyah Bay Bottom (WB)
Matthew,depth,niwwbwq,2016-10-06,15.8464572,18.9304468,17.4175011041667,17.5196856,Winyah Bay Bottom (WB)
Matthew,depth,niwwbwq,2016-10-07,15.9448824,19.028872,17.5203691083333,17.6017066,Winyah Bay Bottom (WB)
Matthew,depth,niwwbwq,2016-10-08,16.1417328,20.2755912,18.6320954125,18.700788,Winyah Bay Bottom (WB)
Matthew,depth,niwwbwq,2016-10-09,15.2887144,18.700788,16.6529970333333,16.5026252,Winyah Bay Bottom (WB)
Matthew,depth,niwwbwq,2016-10-10,15.9448824,19.7834652,17.9598649666667,18.0610242,Winyah Bay Bottom (WB)
Matthew,depth,niwwbwq,2016-10-11,16.896326,18.3398956,17.3942417176471,17.22441,Winyah Bay Bottom (WB)
Matthew,depth,niwwswq,2016-10-05,2.3950132,5.577428,3.89124891578947,3.8385828,Winyah Bay Surface (WS)
Matthew,depth,niwwswq,2016-10-06,2.5262468,5.6430448,4.12633980833333,4.2322836,Winyah Bay Surface (WS)
Matthew,depth,niwwswq,2016-10-07,2.624672,5.7086616,4.2271572875,4.2979004,Winyah Bay Surface (WS)
Matthew,depth,niwwswq,2016-10-08,2.8215224,6.889764,5.317011325,5.3805776,Winyah Bay Surface (WS)
Matthew,depth,niwwswq,2016-10-09,1.968504,5.3477692,3.32629330416667,3.1824148,Winyah Bay Surface (WS)
Matthew,depth,niwwswq,2016-10-10,2.5918636,6.5288716,4.63862930416667,4.7080054,Winyah Bay Surface (WS)
Matthew,depth,niwwswq,2016-10-11,3.5433072,5.0524936,4.05280235294118,3.9041996,Winyah Bay Surface (WS)
Matthew,depth,nocrcwq,2016-10-05,4.1338584,7.9724412,5.73542634736842,5.4790028,Research Creek (RC)
Matthew,depth,nocrcwq,2016-10-06,4.3963256,8.1036748,6.13038624166667,6.1187666,Research Creek (RC)
Matthew,depth,nocrcwq,2016-10-07,4.6259844,8.038058,6.2007876,6.1679792,Research Creek (RC)
Matthew,depth,nocrcwq,2016-10-08,5.085302,9.1535436,7.0958417625,6.9881892,Research Creek (RC)
Matthew,depth,nocrcwq,2016-10-09,3.28084,7.4475068,4.76507834583333,4.6423886,Research Creek (RC)
Matthew,depth,nocrcwq,2016-10-10,4.5603676,8.5958008,6.48751934583333,6.5124674,Research Creek (RC)
Matthew,depth,nocrcwq,2016-10-11,5.0196852,6.233596,5.45005421176471,5.413386,Research Creek (RC)
Matthew,depth,noczbwq,2016-10-05,0.4593176,4.4947508,2.17960015263158,1.968504,Zeke's Basin (ZB)
Matthew,depth,noczbwq,2016-10-06,0.5577428,4.5275592,2.4442258,2.46063,Zeke's Basin (ZB)
Matthew,depth,noczbwq,2016-10-07,0.82021,4.5603676,2.64586075833333,2.6410762,Zeke's Basin (ZB)
Matthew,depth,noczbwq,2016-10-08,1.0826772,5.9383204,3.28494105,3.2316274,Zeke's Basin (ZB)
Matthew,depth,noczbwq,2016-10-09,-0.3608924,4.3963256,1.62469930833333,1.6076116,Zeke's Basin (ZB)
Matthew,depth,noczbwq,2016-10-10,0.7874016,5.2821524,2.88850621666667,2.9363518,Zeke's Basin (ZB)
Matthew,depth,noczbwq,2016-10-11,1.5748032,3.0839896,2.12868618823529,1.968504,Zeke's Basin (ZB)
Matthew,do_mgl,aceeiwq,2016-10-05,3.7,6.1,5.08684210526316,5,Edisto Island (EI)
Matthew,do_mgl,aceeiwq,2016-10-06,4.1,6.4,5.50625,5.6,Edisto Island (EI)
Matthew,do_mgl,aceeiwq,2016-10-07,4.8,6.3,5.70729166666667,5.8,Edisto Island (EI)
Matthew,do_mgl,aceeiwq,2016-10-08,5.5,6.5,6.16458333333333,6.2,Edisto Island (EI)
Matthew,do_mgl,aceeiwq,2016-10-09,5.4,6.5,5.90729166666667,5.9,Edisto Island (EI)
Matthew,do_mgl,aceeiwq,2016-10-10,4.8,6.6,5.81770833333333,5.7,Edisto Island (EI)
Matthew,do_mgl,aceeiwq,2016-10-11,5.2,6,5.40588235294118,5.3,Edisto Island (EI)
Matthew,do_mgl,acefcwq,2016-10-05,3.9,5.3,4.73421052631579,4.8,Fishing Creek (FC)
Matthew,do_mgl,acefcwq,2016-10-06,4.2,5.7,5.00833333333333,5.1,Fishing Creek (FC)
Matthew,do_mgl,acefcwq,2016-10-07,4.6,6.3,5.60833333333333,5.75,Fishing Creek (FC)
Matthew,do_mgl,acefcwq,2016-10-08,4.9,7,6.38645833333333,6.5,Fishing Creek (FC)
Matthew,do_mgl,acefcwq,2016-10-09,3.6,6.2,5.02291666666667,4.9,Fishing Creek (FC)
Matthew,do_mgl,acefcwq,2016-10-10,3.6,5.9,4.91145833333333,4.85,Fishing Creek (FC)
Matthew,do_mgl,acefcwq,2016-10-11,4.3,5.5,4.83529411764706,4.9,Fishing Creek (FC)
Matthew,do_mgl,acegpwq,2016-10-05,5.7,6.2,5.95921052631579,5.9,Grove Plantation (GP)
Matthew,do_mgl,acegpwq,2016-10-06,6,6.6,6.31979166666667,6.3,Grove Plantation (GP)
Matthew,do_mgl,acegpwq,2016-10-07,6.5,7.1,6.70625,6.7,Grove Plantation (GP)
Matthew,do_mgl,acegpwq,2016-10-08,6.6,7.9,7.48645833333333,7.55,Grove Plantation (GP)
Matthew,do_mgl,acegpwq,2016-10-09,4.5,6.5,5.184375,5,Grove Plantation (GP)
Matthew,do_mgl,acegpwq,2016-10-10,4,4.8,4.38541666666667,4.4,Grove Plantation (GP)
Matthew,do_mgl,acegpwq,2016-10-11,4.2,4.4,4.31176470588235,4.3,Grove Plantation (GP)
Matthew,do_mgl,acejiwq,2016-10-05,4.3,5.7,5.01842105263158,5,Jehossee Island (JI)
Matthew,do_mgl,acejiwq,2016-10-06,4.9,6.1,5.4375,5.4,Jehossee Island (JI)
Matthew,do_mgl,acejiwq,2016-10-07,5.4,6.4,5.825,5.8,Jehossee Island (JI)
Matthew,do_mgl,acejiwq,2016-10-08,5.6,6.9,6.36979166666667,6.4,Jehossee Island (JI)
Matthew,do_mgl,acejiwq,2016-10-09,5.6,6.9,6.371875,6.4,Jehossee Island (JI)
Matthew,do_mgl,acejiwq,2016-10-10,4.9,6.7,5.81458333333333,5.85,Jehossee Island (JI)
Matthew,do_mgl,acejiwq,2016-10-11,4.8,6.3,5.53529411764706,5.5,Jehossee Island (JI)
Matthew,do_mgl,acemcwq,2016-10-05,4,5.7,5.06184210526316,5.1,Mosquito Creek (MC)
Matthew,do_mgl,acemcwq,2016-10-06,4.1,6.2,5.49479166666667,5.6,Mosquito Creek (MC)
Matthew,do_mgl,acemcwq,2016-10-07,4.8,6.5,5.884375,6.1,Mosquito Creek (MC)
Matthew,do_mgl,acemcwq,2016-10-08,5.9,7.2,6.68333333333333,6.75,Mosquito Creek (MC)
Matthew,do_mgl,acemcwq,2016-10-09,5.6,6.3,6.046875,6.1,Mosquito Creek (MC)
Matthew,do_mgl,acemcwq,2016-10-10,4.9,6.5,5.64583333333333,5.6,Mosquito Creek (MC)
Matthew,do_mgl,acemcwq,2016-10-11,5,5.9,5.34117647058823,5.3,Mosquito Creek (MC)
Matthew,do_mgl,acespwq,2016-10-05,2.7,6.3,4.79868421052632,5.1,St. Pierre (SP)
Matthew,do_mgl,acespwq,2016-10-06,2.9,7,5.38229166666667,5.9,St. Pierre (SP)
Matthew,do_mgl,acespwq,2016-10-07,3,6.5,5.43541666666667,5.9,St. Pierre (SP)
Matthew,do_mgl,acespwq,2016-10-08,4.7,7.4,6.203125,6.4,St. Pierre (SP)
Matthew,do_mgl,acespwq,2016-10-09,3.1,6.7,5.22083333333333,5.55,St. Pierre (SP)
Matthew,do_mgl,acespwq,2016-10-10,3.3,6.9,5.409375,6,St. Pierre (SP)
Matthew,do_mgl,acespwq,2016-10-11,3.5,5.5,4.42352941176471,4.5,St. Pierre (SP)
Matthew,do_mgl,niwcbwq,2016-10-05,3.8,7,5.59868421052632,5.8,Clambank (CB)
Matthew,do_mgl,niwcbwq,2016-10-06,4.2,6.8,5.76041666666667,5.85,Clambank (CB)
Matthew,do_mgl,niwcbwq,2016-10-07,4.3,6.7,5.75729166666667,5.9,Clambank (CB)
Matthew,do_mgl,niwcbwq,2016-10-08,5.4,6.6,6.19791666666667,6.2,Clambank (CB)
Matthew,do_mgl,niwcbwq,2016-10-09,4.4,6.9,5.609375,5.6,Clambank (CB)
Matthew,do_mgl,niwcbwq,2016-10-10,4.5,7.4,5.85,5.7,Clambank (CB)
Matthew,do_mgl,niwcbwq,2016-10-11,5.1,6,5.53529411764706,5.6,Clambank (CB)
Matthew,do_mgl,niwdcwq,2016-10-05,3.9,6.6,5.56447368421053,5.9,Debidue Creek (DC)
Matthew,do_mgl,niwdcwq,2016-10-06,4.2,6.7,5.75625,6,Debidue Creek (DC)
Matthew,do_mgl,niwdcwq,2016-10-07,4.2,6.7,5.65,5.8,Debidue Creek (DC)
Matthew,do_mgl,niwdcwq,2016-10-08,5.2,6.6,6.2,6.2,Debidue Creek (DC)
Matthew,do_mgl,niwdcwq,2016-10-09,4.5,6.8,5.56979166666667,5.4,Debidue Creek (DC)
Matthew,do_mgl,niwdcwq,2016-10-10,4.4,7.3,5.6,5.35,Debidue Creek (DC)
Matthew,do_mgl,niwdcwq,2016-10-11,4.5,5.6,4.89411764705882,4.8,Debidue Creek (DC)
Matthew,do_mgl,niwolwq,2016-10-05,3.4,6.5,5.152,5.6,Oyster Landing (OL)
Matthew,do_mgl,niwolwq,2016-10-06,3.7,6.5,5.36354166666667,5.6,Oyster Landing (OL)
Matthew,do_mgl,niwolwq,2016-10-07,3.9,6.5,5.32604166666667,5.4,Oyster Landing (OL)
Matthew,do_mgl,niwolwq,2016-10-08,5.3,6.4,6.0375,6.1,Oyster Landing (OL)
Matthew,do_mgl,niwolwq,2016-10-09,4,6.5,5.11770833333333,4.9,Oyster Landing (OL)
Matthew,do_mgl,niwolwq,2016-10-10,3.9,7,5.2375,5.2,Oyster Landing (OL)
Matthew,do_mgl,niwolwq,2016-10-11,4.1,5.6,4.65294117647059,4.5,Oyster Landing (OL)
Matthew,do_mgl,niwtawq,2016-10-05,3.5,6.3,5.06447368421053,5,Thousand Acre (TA)
Matthew,do_mgl,niwtawq,2016-10-06,3.6,6.7,5.44375,5.65,Thousand Acre (TA)
Matthew,do_mgl,niwtawq,2016-10-07,3.4,6.8,5.584375,5.85,Thousand Acre (TA)
Matthew,do_mgl,niwtawq,2016-10-08,3.7,7.2,5.70208333333333,5.55,Thousand Acre (TA)
Matthew,do_mgl,niwtawq,2016-10-09,2.8,7.2,4.28020833333333,3.4,Thousand Acre (TA)
Matthew,do_mgl,niwtawq,2016-10-10,3.4,6.6,5.77708333333333,5.7,Thousand Acre (TA)
Matthew,do_mgl,niwtawq,2016-10-11,5.5,6.1,5.83529411764706,5.9,Thousand Acre (TA)
Matthew,do_mgl,niwwbwq,2016-10-05,4.8,5.9,5.45263157894737,5.5,Winyah Bay Bottom (WB)
Matthew,do_mgl,niwwbwq,2016-10-06,5.4,6.2,5.80729166666667,5.8,Winyah Bay Bottom (WB)
Matthew,do_mgl,niwwbwq,2016-10-07,5.6,6.5,5.93854166666667,5.9,Winyah Bay Bottom (WB)
Matthew,do_mgl,niwwbwq,2016-10-08,6,6.9,6.49166666666667,6.5,Winyah Bay Bottom (WB)
Matthew,do_mgl,niwwbwq,2016-10-09,5.2,6.6,5.89166666666667,5.9,Winyah Bay Bottom (WB)
Matthew,do_mgl,niwwbwq,2016-10-10,4.4,5.5,4.80416666666667,4.8,Winyah Bay Bottom (WB)
Matthew,do_mgl,niwwbwq,2016-10-11,4.1,5,4.41176470588235,4.4,Winyah Bay Bottom (WB)
Matthew,do_mgl,niwwswq,2016-10-05,4.8,6.5,5.64342105263158,5.65,Winyah Bay Surface (WS)
Matthew,do_mgl,niwwswq,2016-10-06,5.3,6.9,6.11979166666667,6.15,Winyah Bay Surface (WS)
Matthew,do_mgl,niwwswq,2016-10-07,5.9,6.9,6.39270833333333,6.4,Winyah Bay Surface (WS)
Matthew,do_mgl,niwwswq,2016-10-08,6,7.4,6.87291666666667,6.9,Winyah Bay Surface (WS)
Matthew,do_mgl,niwwswq,2016-10-09,5.3,6.8,5.93229166666667,5.85,Winyah Bay Surface (WS)
Matthew,do_mgl,niwwswq,2016-10-10,4.5,5.5,4.80520833333333,4.8,Winyah Bay Surface (WS)
Matthew,do_mgl,niwwswq,2016-10-11,4.1,4.9,4.44117647058824,4.4,Winyah Bay Surface (WS)
Matthew,do_mgl,nocrcwq,2016-10-05,5,7.4,6.325,6.35,Research Creek (RC)
Matthew,do_mgl,nocrcwq,2016-10-06,5.3,7.1,6.40520833333333,6.5,Research Creek (RC)
Matthew,do_mgl,nocrcwq,2016-10-07,5,6.9,6.240625,6.35,Research Creek (RC)
Matthew,do_mgl,nocrcwq,2016-10-08,5.8,6.4,6.228125,6.3,Research Creek (RC)
Matthew,do_mgl,nocrcwq,2016-10-09,6.2,7.1,6.72395833333333,6.7,Research Creek (RC)
Matthew,do_mgl,nocrcwq,2016-10-10,5.9,7.2,6.69166666666667,6.75,Research Creek (RC)
Matthew,do_mgl,nocrcwq,2016-10-11,6.4,7,6.83529411764706,6.9,Research Creek (RC)
Matthew,do_mgl,noczbwq,2016-10-05,5.5,7.4,6.53815789473684,6.7,Zeke's Basin (ZB)
Matthew,do_mgl,noczbwq,2016-10-06,4.8,7.6,6.675,6.8,Zeke's Basin (ZB)
Matthew,do_mgl,noczbwq,2016-10-07,4.1,7.3,6.23854166666667,6.45,Zeke's Basin (ZB)
Matthew,do_mgl,noczbwq,2016-10-08,4.2,7.2,6.23333333333333,6.2,Zeke's Basin (ZB)
Matthew,do_mgl,noczbwq,2016-10-09,0.3,7.8,6.02916666666667,7.05,Zeke's Basin (ZB)
Matthew,do_mgl,noczbwq,2016-10-10,5.6,8.3,7.24375,7.4,Zeke's Basin (ZB)
Matthew,do_mgl,noczbwq,2016-10-11,6.1,7,6.52941176470588,6.4,Zeke's Basin (ZB)
Matthew,do_pct,aceeiwq,2016-10-05,53.7,89.7,74.3710526315789,72.55,Edisto Island (EI)
Matthew,do_pct,aceeiwq,2016-10-06,58.1,92.9,79.5708333333333,80.7,Edisto Island (EI)
Matthew,do_pct,aceeiwq,2016-10-07,67.4,90.9,81.934375,83.4,Edisto Island (EI)
Matthew,do_pct,aceeiwq,2016-10-08,77.9,91.1,86.4677083333333,87.05,Edisto Island (EI)
Matthew,do_pct,aceeiwq,2016-10-09,73.1,92.6,80.85,79.6,Edisto Island (EI)
Matthew,do_pct,aceeiwq,2016-10-10,63.5,93.6,80.1229166666667,78.4,Edisto Island (EI)
Matthew,do_pct,aceeiwq,2016-10-11,69.4,83.1,73.0529411764706,70.7,Edisto Island (EI)
Matthew,do_pct,acefcwq,2016-10-05,46.7,72.4,59.4986842105263,58.8,Fishing Creek (FC)
Matthew,do_pct,acefcwq,2016-10-06,48.9,76.6,62.721875,62.55,Fishing Creek (FC)
Matthew,do_pct,acefcwq,2016-10-07,55.3,84.5,71.2145833333333,72.65,Fishing Creek (FC)
Matthew,do_pct,acefcwq,2016-10-08,59,94.1,82.8510416666667,83.35,Fishing Creek (FC)
Matthew,do_pct,acefcwq,2016-10-09,43,75,59.65625,58.85,Fishing Creek (FC)
Matthew,do_pct,acefcwq,2016-10-10,40.9,72.5,56.375,53.1,Fishing Creek (FC)
Matthew,do_pct,acefcwq,2016-10-11,47.2,60.7,53.5470588235294,52.5,Fishing Creek (FC)
Matthew,do_pct,acegpwq,2016-10-05,68.9,74.7,71.553947368421,71.55,Grove Plantation (GP)
Matthew,do_pct,acegpwq,2016-10-06,71.1,79.6,74.7635416666667,73.8,Grove Plantation (GP)
Matthew,do_pct,acegpwq,2016-10-07,75.7,84.5,79.0239583333333,77.85,Grove Plantation (GP)
Matthew,do_pct,acegpwq,2016-10-08,76.9,98.2,90.0708333333333,90.25,Grove Plantation (GP)
Matthew,do_pct,acegpwq,2016-10-09,51.4,75.7,59.9958333333333,58.05,Grove Plantation (GP)
Matthew,do_pct,acegpwq,2016-10-10,44.8,55.9,49.734375,49.95,Grove Plantation (GP)
Matthew,do_pct,acegpwq,2016-10-11,47.1,50.1,48.4647058823529,48.5,Grove Plantation (GP)
Matthew,do_pct,acejiwq,2016-10-05,56.4,76,66.075,66.2,Jehossee Island (JI)
Matthew,do_pct,acejiwq,2016-10-06,64,80.1,70.7666666666667,70.35,Jehossee Island (JI)
Matthew,do_pct,acejiwq,2016-10-07,69.4,83.3,75.91875,74.9,Jehossee Island (JI)
Matthew,do_pct,acejiwq,2016-10-08,74.3,92.8,83.8916666666667,82.65,Jehossee Island (JI)
Matthew,do_pct,acejiwq,2016-10-09,66.5,83.6,76.5583333333333,78.35,Jehossee Island (JI)
Matthew,do_pct,acejiwq,2016-10-10,56.3,80.1,67.9885416666667,68,Jehossee Island (JI)
Matthew,do_pct,acejiwq,2016-10-11,54.4,74,63.7823529411765,63.2,Jehossee Island (JI)
Matthew,do_pct,acemcwq,2016-10-05,53.7,80.1,70.0184210526316,71.6,Mosquito Creek (MC)
Matthew,do_pct,acemcwq,2016-10-06,54.6,87.1,75.1291666666667,77.1,Mosquito Creek (MC)
Matthew,do_pct,acemcwq,2016-10-07,63.8,90.3,80.2635416666667,82.8,Mosquito Creek (MC)
Matthew,do_pct,acemcwq,2016-10-08,78.5,99.7,89.4145833333333,87.5,Mosquito Creek (MC)
Matthew,do_pct,acemcwq,2016-10-09,70,81.9,76.2125,76.3,Mosquito Creek (MC)
Matthew,do_pct,acemcwq,2016-10-10,59.9,82.8,69.3104166666667,68.5,Mosquito Creek (MC)
Matthew,do_pct,acemcwq,2016-10-11,61.3,72.1,64.4941176470588,63.6,Mosquito Creek (MC)
Matthew,do_pct,acespwq,2016-10-05,37.7,92.7,69.4473684210526,73.4,St. Pierre (SP)
Matthew,do_pct,acespwq,2016-10-06,39.9,102.2,77.3802083333333,84.25,St. Pierre (SP)
Matthew,do_pct,acespwq,2016-10-07,42.3,94.2,77.5010416666667,84.25,St. Pierre (SP)
Matthew,do_pct,acespwq,2016-10-08,62.8,104.6,86.328125,88.85,St. Pierre (SP)
Matthew,do_pct,acespwq,2016-10-09,39.9,95,70.3958333333333,75.75,St. Pierre (SP)
Matthew,do_pct,acespwq,2016-10-10,41.1,97.8,73.1770833333333,80.4,St. Pierre (SP)
Matthew,do_pct,acespwq,2016-10-11,46.8,75.4,59.2176470588235,59.5,St. Pierre (SP)
Matthew,do_pct,niwcbwq,2016-10-05,53.5,103.4,81.15,84.65,Clambank (CB)
Matthew,do_pct,niwcbwq,2016-10-06,60.2,97.4,83.4229166666667,85.45,Clambank (CB)
Matthew,do_pct,niwcbwq,2016-10-07,61.5,97.6,83,85.05,Clambank (CB)
Matthew,do_pct,niwcbwq,2016-10-08,78.4,97.3,89.546875,89.1,Clambank (CB)
Matthew,do_pct,niwcbwq,2016-10-09,57.6,95.5,75.8729166666667,75.4,Clambank (CB)
Matthew,do_pct,niwcbwq,2016-10-10,56.1,102.1,78.8416666666667,75.9,Clambank (CB)
Matthew,do_pct,niwcbwq,2016-10-11,65,79.9,71.8764705882353,72.6,Clambank (CB)
Matthew,do_pct,niwdcwq,2016-10-05,53.3,96.7,79.5039473684211,83.05,Debidue Creek (DC)
Matthew,do_pct,niwdcwq,2016-10-06,57.3,97.3,81.9760416666667,85.65,Debidue Creek (DC)
Matthew,do_pct,niwdcwq,2016-10-07,57.8,96.8,80.5322916666667,81.9,Debidue Creek (DC)
Matthew,do_pct,niwdcwq,2016-10-08,71.9,96.7,88.04375,89.35,Debidue Creek (DC)
Matthew,do_pct,niwdcwq,2016-10-09,51.8,96.4,69.75,65.75,Debidue Creek (DC)
Matthew,do_pct,niwdcwq,2016-10-10,50.4,101.2,71.803125,67.8,Debidue Creek (DC)
Matthew,do_pct,niwdcwq,2016-10-11,53.9,71,59.7058823529412,58.3,Debidue Creek (DC)
Matthew,do_pct,niwolwq,2016-10-05,48.2,94.8,74.7413333333333,81.9,Oyster Landing (OL)
Matthew,do_pct,niwolwq,2016-10-06,52.6,94,77.246875,80.9,Oyster Landing (OL)
Matthew,do_pct,niwolwq,2016-10-07,55.9,94.1,76.5052083333333,78.65,Oyster Landing (OL)
Matthew,do_pct,niwolwq,2016-10-08,69.4,93.7,86.2927083333333,86.75,Oyster Landing (OL)
Matthew,do_pct,niwolwq,2016-10-09,48.1,90.6,65.815625,63.1,Oyster Landing (OL)
Matthew,do_pct,niwolwq,2016-10-10,48.8,96.8,69.1291666666667,67.95,Oyster Landing (OL)
Matthew,do_pct,niwolwq,2016-10-11,52.3,75,60.2705882352941,58.3,Oyster Landing (OL)
Matthew,do_pct,niwtawq,2016-10-05,41.3,78.7,63.1618421052632,63.55,Thousand Acre (TA)
Matthew,do_pct,niwtawq,2016-10-06,42.1,84,67.5333333333333,71.2,Thousand Acre (TA)
Matthew,do_pct,niwtawq,2016-10-07,41.8,87.5,70.3083333333333,74.35,Thousand Acre (TA)
Matthew,do_pct,niwtawq,2016-10-08,50.2,92.1,75.2854166666667,73.4,Thousand Acre (TA)
Matthew,do_pct,niwtawq,2016-10-09,31.8,83.5,50.7375,41.9,Thousand Acre (TA)
Matthew,do_pct,niwtawq,2016-10-10,38.5,75.6,64.6895833333333,63.65,Thousand Acre (TA)
Matthew,do_pct,niwtawq,2016-10-11,60.9,69.6,65.3117647058824,65.4,Thousand Acre (TA)
Matthew,do_pct,niwwbwq,2016-10-05,61.8,80.4,71.7394736842105,71.9,Winyah Bay Bottom (WB)
Matthew,do_pct,niwwbwq,2016-10-06,69,82.4,76.6614583333333,76.85,Winyah Bay Bottom (WB)
Matthew,do_pct,niwwbwq,2016-10-07,70.5,82.8,78.6604166666667,79,Winyah Bay Bottom (WB)
Matthew,do_pct,niwwbwq,2016-10-08,78.7,92.1,86.6166666666667,87.3,Winyah Bay Bottom (WB)
Matthew,do_pct,niwwbwq,2016-10-09,60.3,81.7,69.953125,70.2,Winyah Bay Bottom (WB)
Matthew,do_pct,niwwbwq,2016-10-10,50.9,67.8,56.1604166666667,55.1,Winyah Bay Bottom (WB)
Matthew,do_pct,niwwbwq,2016-10-11,46.7,58.3,50.8823529411765,50.5,Winyah Bay Bottom (WB)
Matthew,do_pct,niwwswq,2016-10-05,59.7,81.4,70.6671052631579,70.45,Winyah Bay Surface (WS)
Matthew,do_pct,niwwswq,2016-10-06,65.9,86.2,76.2510416666667,76.3,Winyah Bay Surface (WS)
Matthew,do_pct,niwwswq,2016-10-07,73,87.7,79.6677083333333,79.05,Winyah Bay Surface (WS)
Matthew,do_pct,niwwswq,2016-10-08,77,94.1,88.6302083333333,89.4,Winyah Bay Surface (WS)
Matthew,do_pct,niwwswq,2016-10-09,62.2,83.6,70.2572916666667,68.75,Winyah Bay Surface (WS)
Matthew,do_pct,niwwswq,2016-10-10,51.1,63.6,55.43125,54.9,Winyah Bay Surface (WS)
Matthew,do_pct,niwwswq,2016-10-11,47,55.8,50.8588235294118,50.3,Winyah Bay Surface (WS)
Matthew,do_pct,nocrcwq,2016-10-05,69.9,107.4,91.0342105263158,92.6,Research Creek (RC)
Matthew,do_pct,nocrcwq,2016-10-06,73.9,102.7,92.05,94.75,Research Creek (RC)
Matthew,do_pct,nocrcwq,2016-10-07,71.2,99.5,90.046875,92.4,Research Creek (RC)
Matthew,do_pct,nocrcwq,2016-10-08,82.8,94,90.084375,90.9,Research Creek (RC)
Matthew,do_pct,nocrcwq,2016-10-09,84.9,99.5,90.94375,90.2,Research Creek (RC)
Matthew,do_pct,nocrcwq,2016-10-10,76.1,99.9,89.771875,90.05,Research Creek (RC)
Matthew,do_pct,nocrcwq,2016-10-11,84,92.4,89.6941176470588,90.2,Research Creek (RC)
Matthew,do_pct,noczbwq,2016-10-05,69.8,92.4,82.6763157894737,85.65,Zeke's Basin (ZB)
Matthew,do_pct,noczbwq,2016-10-06,60.5,92.8,83.35,84.65,Zeke's Basin (ZB)
Matthew,do_pct,noczbwq,2016-10-07,51.3,91.6,79.2947916666667,82.2,Zeke's Basin (ZB)
Matthew,do_pct,noczbwq,2016-10-08,54.6,93.9,81.653125,82.1,Zeke's Basin (ZB)
Matthew,do_pct,noczbwq,2016-10-09,3.8,97.3,74.0979166666667,85.25,Zeke's Basin (ZB)
Matthew,do_pct,noczbwq,2016-10-10,67.9,97.1,84.9875,86,Zeke's Basin (ZB)
Matthew,do_pct,noczbwq,2016-10-11,71.9,83.1,76.6764705882353,75.3,Zeke's Basin (ZB)
Matthew,ph,aceeiwq,2016-10-05,7.3,7.9,7.64605263157895,7.6,Edisto Island (EI)
Matthew,ph,aceeiwq,2016-10-06,7.4,7.9,7.70104166666667,7.7,Edisto Island (EI)
Matthew,ph,aceeiwq,2016-10-07,7.5,7.9,7.740625,7.8,Edisto Island (EI)
Matthew,ph,aceeiwq,2016-10-08,7.6,7.9,7.77291666666667,7.7,Edisto Island (EI)
Matthew,ph,aceeiwq,2016-10-09,7.5,7.9,7.66875,7.6,Edisto Island (EI)
Matthew,ph,aceeiwq,2016-10-10,7.4,8,7.740625,7.75,Edisto Island (EI)
Matthew,ph,aceeiwq,2016-10-11,7.6,7.8,7.64705882352941,7.6,Edisto Island (EI)
Matthew,ph,acefcwq,2016-10-05,6.7,7.3,6.92894736842105,6.8,Fishing Creek (FC)
Matthew,ph,acefcwq,2016-10-06,6.8,7.4,6.98333333333333,6.9,Fishing Creek (FC)
Matthew,ph,acefcwq,2016-10-07,6.8,7.4,7.0625,7,Fishing Creek (FC)
Matthew,ph,acefcwq,2016-10-08,6.4,7.7,7.24270833333333,7.25,Fishing Creek (FC)
Matthew,ph,acefcwq,2016-10-09,6.4,7.1,6.63229166666667,6.6,Fishing Creek (FC)
Matthew,ph,acefcwq,2016-10-10,6.4,7.2,6.6625,6.5,Fishing Creek (FC)
Matthew,ph,acefcwq,2016-10-11,6.5,6.8,6.57647058823529,6.5,Fishing Creek (FC)
Matthew,ph,acegpwq,2016-10-05,6.6,6.8,6.66052631578947,6.6,Grove Plantation (GP)
Matthew,ph,acegpwq,2016-10-06,6.6,6.9,6.71875,6.7,Grove Plantation (GP)
Matthew,ph,acegpwq,2016-10-07,6.7,7,6.79166666666667,6.8,Grove Plantation (GP)
Matthew,ph,acegpwq,2016-10-08,6.5,7.4,6.953125,6.9,Grove Plantation (GP)
Matthew,ph,acegpwq,2016-10-09,5.9,6.4,6.14583333333333,6.1,Grove Plantation (GP)
Matthew,ph,acegpwq,2016-10-10,5.8,6.1,6.01145833333333,6,Grove Plantation (GP)
Matthew,ph,acegpwq,2016-10-11,6,6,6,6,Grove Plantation (GP)
Matthew,ph,acejiwq,2016-10-05,6.9,7.4,7.175,7.2,Jehossee Island (JI)
Matthew,ph,acejiwq,2016-10-06,7,7.5,7.23333333333333,7.2,Jehossee Island (JI)
Matthew,ph,acejiwq,2016-10-07,7.1,7.6,7.31875,7.3,Jehossee Island (JI)
Matthew,ph,acejiwq,2016-10-08,7.2,7.7,7.4625,7.4,Jehossee Island (JI)
Matthew,ph,acejiwq,2016-10-09,6.6,7.2,6.98333333333333,7,Jehossee Island (JI)
Matthew,ph,acejiwq,2016-10-10,6.3,7.1,6.70416666666667,6.7,Jehossee Island (JI)
Matthew,ph,acejiwq,2016-10-11,6.3,6.9,6.53529411764706,6.5,Jehossee Island (JI)
Matthew,ph,acemcwq,2016-10-05,7,7.4,7.18157894736842,7.2,Mosquito Creek (MC)
Matthew,ph,acemcwq,2016-10-06,7,7.5,7.246875,7.3,Mosquito Creek (MC)
Matthew,ph,acemcwq,2016-10-07,7.1,7.6,7.30833333333333,7.3,Mosquito Creek (MC)
Matthew,ph,acemcwq,2016-10-08,7.1,7.8,7.41041666666667,7.35,Mosquito Creek (MC)
Matthew,ph,acemcwq,2016-10-09,6.8,7.1,7.01145833333333,7,Mosquito Creek (MC)
Matthew,ph,acemcwq,2016-10-10,6.6,7.3,6.87291666666667,6.9,Mosquito Creek (MC)
Matthew,ph,acemcwq,2016-10-11,6.7,6.9,6.80588235294118,6.8,Mosquito Creek (MC)
Matthew,ph,acespwq,2016-10-05,7.2,7.9,7.53157894736842,7.5,St. Pierre (SP)
Matthew,ph,acespwq,2016-10-06,7.2,7.9,7.61354166666667,7.7,St. Pierre (SP)
Matthew,ph,acespwq,2016-10-07,7.2,7.9,7.634375,7.7,St. Pierre (SP)
Matthew,ph,acespwq,2016-10-08,7.3,7.9,7.684375,7.7,St. Pierre (SP)
Matthew,ph,acespwq,2016-10-09,7.2,7.9,7.45833333333333,7.4,St. Pierre (SP)
Matthew,ph,acespwq,2016-10-10,7.2,7.9,7.57708333333333,7.6,St. Pierre (SP)
Matthew,ph,acespwq,2016-10-11,7.2,7.6,7.33529411764706,7.3,St. Pierre (SP)
Matthew,ph,niwcbwq,2016-10-05,7.4,7.9,7.65789473684211,7.6,Clambank (CB)
Matthew,ph,niwcbwq,2016-10-06,7.3,7.7,7.56354166666667,7.6,Clambank (CB)
Matthew,ph,niwcbwq,2016-10-07,7.4,7.7,7.56979166666667,7.6,Clambank (CB)
Matthew,ph,niwcbwq,2016-10-08,7.4,7.7,7.62708333333333,7.6,Clambank (CB)
Matthew,ph,niwcbwq,2016-10-09,7,7.7,7.30520833333333,7.3,Clambank (CB)
Matthew,ph,niwcbwq,2016-10-10,7.1,7.8,7.45729166666667,7.4,Clambank (CB)
Matthew,ph,niwcbwq,2016-10-11,7.3,7.5,7.37058823529412,7.4,Clambank (CB)
Matthew,ph,niwdcwq,2016-10-05,7.5,8,7.76710526315789,7.8,Debidue Creek (DC)
Matthew,ph,niwdcwq,2016-10-06,7.5,8,7.8,7.8,Debidue Creek (DC)
Matthew,ph,niwdcwq,2016-10-07,7.5,8,7.79375,7.8,Debidue Creek (DC)
Matthew,ph,niwdcwq,2016-10-08,7.3,8,7.82916666666667,7.9,Debidue Creek (DC)
Matthew,ph,niwdcwq,2016-10-09,7,8,7.31770833333333,7.2,Debidue Creek (DC)
Matthew,ph,niwdcwq,2016-10-10,7,8,7.509375,7.5,Debidue Creek (DC)
Matthew,ph,niwdcwq,2016-10-11,7.2,7.5,7.29411764705882,7.3,Debidue Creek (DC)
Matthew,ph,niwolwq,2016-10-05,7.2,7.8,7.516,7.5,Oyster Landing (OL)
Matthew,ph,niwolwq,2016-10-06,7.3,7.8,7.56041666666667,7.55,Oyster Landing (OL)
Matthew,ph,niwolwq,2016-10-07,7.3,7.8,7.54791666666667,7.5,Oyster Landing (OL)
Matthew,ph,niwolwq,2016-10-08,6.9,7.8,7.57083333333333,7.6,Oyster Landing (OL)
Matthew,ph,niwolwq,2016-10-09,6.6,7.8,7.05208333333333,7,Oyster Landing (OL)
Matthew,ph,niwolwq,2016-10-10,6.8,7.8,7.346875,7.4,Oyster Landing (OL)
Matthew,ph,niwolwq,2016-10-11,7.1,7.5,7.21764705882353,7.2,Oyster Landing (OL)
Matthew,ph,niwtawq,2016-10-05,6.3,7.3,6.72763157894737,6.7,Thousand Acre (TA)
Matthew,ph,niwtawq,2016-10-06,6.3,7.4,6.8125,6.9,Thousand Acre (TA)
Matthew,ph,niwtawq,2016-10-07,6.3,7.5,6.90208333333333,7,Thousand Acre (TA)
Matthew,ph,niwtawq,2016-10-08,6.6,7.4,7.078125,7.1,Thousand Acre (TA)
Matthew,ph,niwtawq,2016-10-09,5.8,6.8,6.33229166666667,6.4,Thousand Acre (TA)
Matthew,ph,niwtawq,2016-10-10,6,6.4,6.15729166666667,6.1,Thousand Acre (TA)
Matthew,ph,niwtawq,2016-10-11,6,6.1,6.08823529411765,6.1,Thousand Acre (TA)
Matthew,ph,niwwbwq,2016-10-05,6.8,7.8,7.36973684210526,7.4,Winyah Bay Bottom (WB)
Matthew,ph,niwwbwq,2016-10-06,7.1,7.8,7.553125,7.6,Winyah Bay Bottom (WB)
Matthew,ph,niwwbwq,2016-10-07,7.1,7.9,7.65416666666667,7.7,Winyah Bay Bottom (WB)
Matthew,ph,niwwbwq,2016-10-08,7.3,7.9,7.69895833333333,7.7,Winyah Bay Bottom (WB)
Matthew,ph,niwwbwq,2016-10-09,6.4,7.3,6.75729166666667,6.75,Winyah Bay Bottom (WB)
Matthew,ph,niwwbwq,2016-10-10,6.2,7.1,6.43125,6.3,Winyah Bay Bottom (WB)
Matthew,ph,niwwbwq,2016-10-11,6.2,6.6,6.38823529411765,6.4,Winyah Bay Bottom (WB)
Matthew,ph,niwwswq,2016-10-05,6.8,7.4,7.04210526315789,7,Winyah Bay Surface (WS)
Matthew,ph,niwwswq,2016-10-06,6.9,7.5,7.17083333333333,7.1,Winyah Bay Surface (WS)
Matthew,ph,niwwswq,2016-10-07,7,7.5,7.26666666666667,7.2,Winyah Bay Surface (WS)
Matthew,ph,niwwswq,2016-10-08,7.3,7.8,7.59375,7.6,Winyah Bay Surface (WS)
Matthew,ph,niwwswq,2016-10-09,6.4,7.3,6.76354166666667,6.7,Winyah Bay Surface (WS)
Matthew,ph,niwwswq,2016-10-10,6.3,6.6,6.38541666666667,6.4,Winyah Bay Surface (WS)
Matthew,ph,niwwswq,2016-10-11,6.3,6.4,6.36470588235294,6.4,Winyah Bay Surface (WS)
Matthew,ph,nocrcwq,2016-10-05,7.8,8.2,7.9921052631579,8,Research Creek (RC)
Matthew,ph,nocrcwq,2016-10-06,7.9,8.2,8.03541666666667,8,Research Creek (RC)
Matthew,ph,nocrcwq,2016-10-07,7.9,8.1,8.02708333333333,8,Research Creek (RC)
Matthew,ph,nocrcwq,2016-10-08,7.8,8.1,7.98229166666667,8,Research Creek (RC)
Matthew,ph,nocrcwq,2016-10-09,7.8,8.1,7.934375,7.9,Research Creek (RC)
Matthew,ph,nocrcwq,2016-10-10,7.9,8.2,8.01458333333333,8,Research Creek (RC)
Matthew,ph,nocrcwq,2016-10-11,8,8,8,8,Research Creek (RC)
Matthew,ph,noczbwq,2016-10-05,7.1,7.6,7.39868421052632,7.4,Zeke's Basin (ZB)
Matthew,ph,noczbwq,2016-10-06,7,7.6,7.41875,7.5,Zeke's Basin (ZB)
Matthew,ph,noczbwq,2016-10-07,6.9,7.6,7.33854166666667,7.4,Zeke's Basin (ZB)
Matthew,ph,noczbwq,2016-10-08,7.2,7.7,7.38125,7.4,Zeke's Basin (ZB)
Matthew,ph,noczbwq,2016-10-09,7.2,7.8,7.528125,7.5,Zeke's Basin (ZB)
Matthew,ph,noczbwq,2016-10-10,7.3,7.7,7.51875,7.5,Zeke's Basin (ZB)
Matthew,ph,noczbwq,2016-10-11,7.3,7.4,7.32941176470588,7.3,Zeke's Basin (ZB)
Matthew,sal,aceeiwq,2016-10-05,30.9,33.7,32.3263157894737,32.25,Edisto Island (EI)
Matthew,sal,aceeiwq,2016-10-06,31.2,33.9,32.6239583333333,32.55,Edisto Island (EI)
Matthew,sal,aceeiwq,2016-10-07,30.9,33.8,32.7791666666667,32.95,Edisto Island (EI)
Matthew,sal,aceeiwq,2016-10-08,24.7,32.9,28.69375,28.1,Edisto Island (EI)
Matthew,sal,aceeiwq,2016-10-09,23.6,32.9,26.0677083333333,24.7,Edisto Island (EI)
Matthew,sal,aceeiwq,2016-10-10,23.4,34.4,28.4375,28.05,Edisto Island (EI)
Matthew,sal,aceeiwq,2016-10-11,24.9,29.6,26.1647058823529,25.5,Edisto Island (EI)
Matthew,sal,acefcwq,2016-10-05,7.4,26.5,14.1947368421053,9.95,Fishing Creek (FC)
Matthew,sal,acefcwq,2016-10-06,8.8,28.1,15.8958333333333,12.7,Fishing Creek (FC)
Matthew,sal,acefcwq,2016-10-07,11.1,28.6,18.6614583333333,17.1,Fishing Creek (FC)
Matthew,sal,acefcwq,2016-10-08,11.8,28.8,20.9989583333333,20.25,Fishing Creek (FC)
Matthew,sal,acefcwq,2016-10-09,4.5,15.5,9.99791666666667,9.7,Fishing Creek (FC)
Matthew,sal,acefcwq,2016-10-10,2.9,16.6,7.75833333333333,5.9,Fishing Creek (FC)
Matthew,sal,acefcwq,2016-10-11,4.7,10.1,6.19411764705882,5.2,Fishing Creek (FC)
Matthew,sal,acegpwq,2016-10-05,0.1,1.6,0.576315789473684,0.5,Grove Plantation (GP)
Matthew,sal,acegpwq,2016-10-06,0.1,2.4,0.794791666666667,0.8,Grove Plantation (GP)
Matthew,sal,acegpwq,2016-10-07,0.1,5,1.58020833333333,1.3,Grove Plantation (GP)
Matthew,sal,acegpwq,2016-10-08,0.6,15.2,4.32708333333333,1.6,Grove Plantation (GP)
Matthew,sal,acegpwq,2016-10-09,0.2,2.9,0.95,0.9,Grove Plantation (GP)
Matthew,sal,acegpwq,2016-10-10,0.2,1.1,0.528125,0.6,Grove Plantation (GP)
Matthew,sal,acegpwq,2016-10-11,0.4,0.6,0.505882352941176,0.5,Grove Plantation (GP)
Matthew,sal,acejiwq,2016-10-05,6.6,20.9,14.55,14.5,Jehossee Island (JI)
Matthew,sal,acejiwq,2016-10-06,7.8,21.2,15.3208333333333,15.15,Jehossee Island (JI)
Matthew,sal,acejiwq,2016-10-07,9.4,23.3,16.946875,16.85,Jehossee Island (JI)
Matthew,sal,acejiwq,2016-10-08,9.9,28.7,19.25625,17.55,Jehossee Island (JI)
Matthew,sal,acejiwq,2016-10-09,2.1,11.9,6.753125,6.6,Jehossee Island (JI)
Matthew,sal,acejiwq,2016-10-10,1.9,10.5,4.58958333333333,3.85,Jehossee Island (JI)
Matthew,sal,acejiwq,2016-10-11,1.8,5.8,3.27058823529412,2.9,Jehossee Island (JI)
Matthew,sal,acemcwq,2016-10-05,19,25.3,21.9526315789474,22.25,Mosquito Creek (MC)
Matthew,sal,acemcwq,2016-10-06,19.6,26.7,22.5989583333333,22.8,Mosquito Creek (MC)
Matthew,sal,acemcwq,2016-10-07,20,29.1,23.6447916666667,23.55,Mosquito Creek (MC)
Matthew,sal,acemcwq,2016-10-08,12.7,29.9,20.9958333333333,20.85,Mosquito Creek (MC)
Matthew,sal,acemcwq,2016-10-09,11,17.2,13.3208333333333,12.6,Mosquito Creek (MC)
Matthew,sal,acemcwq,2016-10-10,6.4,17.3,10.5885416666667,10.4,Mosquito Creek (MC)
Matthew,sal,acemcwq,2016-10-11,7.2,10.8,9.18235294117647,9.2,Mosquito Creek (MC)
Matthew,sal,acespwq,2016-10-05,29.9,33.8,31.7789473684211,31.2,St. Pierre (SP)
Matthew,sal,acespwq,2016-10-06,29.3,33.9,31.7604166666667,31.35,St. Pierre (SP)
Matthew,sal,acespwq,2016-10-07,25.2,33.7,31.3447916666667,31.25,St. Pierre (SP)
Matthew,sal,acespwq,2016-10-08,19.4,32.5,27.0114583333333,26.5,St. Pierre (SP)
Matthew,sal,acespwq,2016-10-09,20,31.5,23.846875,22,St. Pierre (SP)
Matthew,sal,acespwq,2016-10-10,20.4,33.2,26.2177083333333,25.85,St. Pierre (SP)
Matthew,sal,acespwq,2016-10-11,22.9,26.1,23.7,23.2,St. Pierre (SP)
Matthew,sal,niwcbwq,2016-10-05,33,35.5,33.8276315789474,33.4,Clambank (CB)
Matthew,sal,niwcbwq,2016-10-06,34.8,35.2,35.0666666666667,35.1,Clambank (CB)
Matthew,sal,niwcbwq,2016-10-07,34.2,35,34.81875,34.8,Clambank (CB)
Matthew,sal,niwcbwq,2016-10-08,30.6,34.6,32.9010416666667,32.9,Clambank (CB)
Matthew,sal,niwcbwq,2016-10-09,24.3,33.3,28.290625,27.95,Clambank (CB)
Matthew,sal,niwcbwq,2016-10-10,21.7,34.1,28.19375,26.7,Clambank (CB)
Matthew,sal,niwcbwq,2016-10-11,23.4,27.4,24.9588235294118,24.8,Clambank (CB)
Matthew,sal,niwdcwq,2016-10-05,27.8,34.8,32.1526315789474,32.8,Debidue Creek (DC)
Matthew,sal,niwdcwq,2016-10-06,27.6,34.8,32.5427083333333,33.25,Debidue Creek (DC)
Matthew,sal,niwdcwq,2016-10-07,28.2,34.8,32.6239583333333,33.15,Debidue Creek (DC)
Matthew,sal,niwdcwq,2016-10-08,14.7,33.9,29.5479166666667,30.95,Debidue Creek (DC)
Matthew,sal,niwdcwq,2016-10-09,2.3,32.5,13.309375,10.05,Debidue Creek (DC)
Matthew,sal,niwdcwq,2016-10-10,3.7,33,19.2354166666667,19.55,Debidue Creek (DC)
Matthew,sal,niwdcwq,2016-10-11,11.2,19.1,14.0058823529412,13.1,Debidue Creek (DC)
Matthew,sal,niwolwq,2016-10-05,33,35,34.0853333333333,34.1,Oyster Landing (OL)
Matthew,sal,niwolwq,2016-10-06,33.4,34.9,34.3385416666667,34.5,Oyster Landing (OL)
Matthew,sal,niwolwq,2016-10-07,32.9,34.7,34.1302083333333,34.35,Oyster Landing (OL)
Matthew,sal,niwolwq,2016-10-08,20.4,34.1,30.7354166666667,31.2,Oyster Landing (OL)
Matthew,sal,niwolwq,2016-10-09,7.1,32.3,18.846875,19.6,Oyster Landing (OL)
Matthew,sal,niwolwq,2016-10-10,13.2,33.2,24.4979166666667,25.35,Oyster Landing (OL)
Matthew,sal,niwolwq,2016-10-11,20,27,22.7941176470588,22.2,Oyster Landing (OL)
Matthew,sal,niwtawq,2016-10-05,6.4,11.7,8.89210526315789,8.8,Thousand Acre (TA)
Matthew,sal,niwtawq,2016-10-06,8,12.3,9.95208333333333,10.15,Thousand Acre (TA)
Matthew,sal,niwtawq,2016-10-07,9.4,15.4,12.584375,12.4,Thousand Acre (TA)
Matthew,sal,niwtawq,2016-10-08,10.3,25.6,18.8114583333333,20,Thousand Acre (TA)
Matthew,sal,niwtawq,2016-10-09,0.6,13.5,6.79166666666667,7.8,Thousand Acre (TA)
Matthew,sal,niwtawq,2016-10-10,0.3,3.6,1.18229166666667,0.8,Thousand Acre (TA)
Matthew,sal,niwtawq,2016-10-11,0.6,0.9,0.811764705882353,0.8,Thousand Acre (TA)
Matthew,sal,niwwbwq,2016-10-05,3.9,21.1,13.3565789473684,14.5,Winyah Bay Bottom (WB)
Matthew,sal,niwwbwq,2016-10-06,7.7,24,16.1322916666667,16.2,Winyah Bay Bottom (WB)
Matthew,sal,niwwbwq,2016-10-07,7.9,25,18.44375,18.5,Winyah Bay Bottom (WB)
Matthew,sal,niwwbwq,2016-10-08,8.9,26.6,19.409375,19.65,Winyah Bay Bottom (WB)
Matthew,sal,niwwbwq,2016-10-09,0.3,8.5,2.56666666666667,1.85,Winyah Bay Bottom (WB)
Matthew,sal,niwwbwq,2016-10-10,0.1,19.3,2.38541666666667,0.2,Winyah Bay Bottom (WB)
Matthew,sal,niwwbwq,2016-10-11,0.1,3.2,0.717647058823529,0.5,Winyah Bay Bottom (WB)
Matthew,sal,niwwswq,2016-10-05,3.2,11.9,5.96184210526316,5.45,Winyah Bay Surface (WS)
Matthew,sal,niwwswq,2016-10-06,3.8,14.3,7.190625,6.5,Winyah Bay Surface (WS)
Matthew,sal,niwwswq,2016-10-07,5,13.8,8.21354166666667,7.65,Winyah Bay Surface (WS)
Matthew,sal,niwwswq,2016-10-08,7.8,25.9,13.359375,12.15,Winyah Bay Surface (WS)
Matthew,sal,niwwswq,2016-10-09,0.3,7.6,2.12916666666667,1.35,Winyah Bay Surface (WS)
Matthew,sal,niwwswq,2016-10-10,0.1,2.7,0.264583333333333,0.2,Winyah Bay Surface (WS)
Matthew,sal,niwwswq,2016-10-11,0.1,0.7,0.241176470588235,0.2,Winyah Bay Surface (WS)
Matthew,sal,nocrcwq,2016-10-05,30.5,33.8,32.0565789473684,31.85,Research Creek (RC)
Matthew,sal,nocrcwq,2016-10-06,31.9,33.7,32.753125,32.7,Research Creek (RC)
Matthew,sal,nocrcwq,2016-10-07,31.7,33.5,32.6697916666667,32.6,Research Creek (RC)
Matthew,sal,nocrcwq,2016-10-08,29.7,33.1,31.9291666666667,32.1,Research Creek (RC)
Matthew,sal,nocrcwq,2016-10-09,26.6,31.9,28.7552083333333,28.55,Research Creek (RC)
Matthew,sal,nocrcwq,2016-10-10,27.4,32.5,29.7552083333333,29.5,Research Creek (RC)
Matthew,sal,nocrcwq,2016-10-11,29,30.2,29.3764705882353,29.3,Research Creek (RC)
Matthew,sal,noczbwq,2016-10-05,12.9,16.1,14.7315789473684,14.75,Zeke's Basin (ZB)
Matthew,sal,noczbwq,2016-10-06,12.1,15.2,13.3145833333333,13.4,Zeke's Basin (ZB)
Matthew,sal,noczbwq,2016-10-07,12.3,16.2,13.0166666666667,12.9,Zeke's Basin (ZB)
Matthew,sal,noczbwq,2016-10-08,12.9,19.7,14.7052083333333,14,Zeke's Basin (ZB)
Matthew,sal,noczbwq,2016-10-09,12.3,17.2,15.1052083333333,14.8,Zeke's Basin (ZB)
Matthew,sal,noczbwq,2016-10-10,11.4,16.7,15.021875,15.45,Zeke's Basin (ZB)
Matthew,sal,noczbwq,2016-10-11,13.4,14.2,13.8058823529412,13.8,Zeke's Basin (ZB)
Matthew,spcond,aceeiwq,2016-10-05,47.52,51.34,49.4376315789474,49.325,Edisto Island (EI)
Matthew,spcond,aceeiwq,2016-10-06,47.87,51.54,49.8230208333333,49.745,Edisto Island (EI)
Matthew,spcond,aceeiwq,2016-10-07,47.52,51.35,50.0285416666667,50.255,Edisto Island (EI)
Matthew,spcond,aceeiwq,2016-10-08,38.86,50.24,44.3721875,43.545,Edisto Island (EI)
Matthew,spcond,aceeiwq,2016-10-09,37.26,50.21,40.7030208333333,38.77,Edisto Island (EI)
Matthew,spcond,aceeiwq,2016-10-10,36.98,52.24,43.9759375,43.485,Edisto Island (EI)
Matthew,spcond,aceeiwq,2016-10-11,39.04,45.68,40.8335294117647,39.93,Edisto Island (EI)
Matthew,spcond,acefcwq,2016-10-05,12.88,41.35,23.1863157894737,16.95,Fishing Creek (FC)
Matthew,spcond,acefcwq,2016-10-06,15,43.55,25.744375,21.125,Fishing Creek (FC)
Matthew,spcond,acefcwq,2016-10-07,18.66,44.21,29.8790625,27.75,Fishing Creek (FC)
Matthew,spcond,acefcwq,2016-10-08,19.79,44.47,33.3254166666667,32.335,Fishing Creek (FC)
Matthew,spcond,acefcwq,2016-10-09,8.06,25.42,16.9053125,16.525,Fishing Creek (FC)
Matthew,spcond,acefcwq,2016-10-10,5.29,27,13.2360416666667,10.355,Fishing Creek (FC)
Matthew,spcond,acefcwq,2016-10-11,8.48,17.05,10.8417647058824,9.29,Fishing Creek (FC)
Matthew,spcond,acegpwq,2016-10-05,0.16,3.02,1.14236842105263,0.96,Grove Plantation (GP)
Matthew,spcond,acegpwq,2016-10-06,0.16,4.58,1.54708333333333,1.505,Grove Plantation (GP)
Matthew,spcond,acegpwq,2016-10-07,0.26,8.91,2.95802083333333,2.44,Grove Plantation (GP)
Matthew,spcond,acegpwq,2016-10-08,1.14,24.97,7.51354166666667,3.05,Grove Plantation (GP)
Matthew,spcond,acegpwq,2016-10-09,0.42,5.42,1.84322916666667,1.7,Grove Plantation (GP)
Matthew,spcond,acegpwq,2016-10-10,0.34,2.13,1.04072916666667,1.145,Grove Plantation (GP)
Matthew,spcond,acegpwq,2016-10-11,0.82,1.18,1.03058823529412,1.03,Grove Plantation (GP)
Matthew,spcond,acejiwq,2016-10-05,11.59,33.32,23.9080263157895,23.935,Jehossee Island (JI)
Matthew,spcond,acejiwq,2016-10-06,13.53,33.84,25.0860416666667,24.91,Jehossee Island (JI)
Matthew,spcond,acejiwq,2016-10-07,15.99,36.85,27.5055208333333,27.43,Jehossee Island (JI)
Matthew,spcond,acejiwq,2016-10-08,16.88,44.48,30.8508333333333,28.47,Jehossee Island (JI)
Matthew,spcond,acejiwq,2016-10-09,4.02,19.95,11.7403125,11.585,Jehossee Island (JI)
Matthew,spcond,acejiwq,2016-10-10,3.61,17.68,8.16072916666667,6.955,Jehossee Island (JI)
Matthew,spcond,acejiwq,2016-10-11,3.36,10.16,5.95529411764706,5.33,Jehossee Island (JI)
Matthew,spcond,acemcwq,2016-10-05,30.61,39.75,34.9078947368421,35.4,Mosquito Creek (MC)
Matthew,spcond,acemcwq,2016-10-06,31.49,41.63,35.8040625,36.085,Mosquito Creek (MC)
Matthew,spcond,acemcwq,2016-10-07,32.01,45,37.281875,37.165,Mosquito Creek (MC)
Matthew,spcond,acemcwq,2016-10-08,21.18,46.04,33.361875,33.26,Mosquito Creek (MC)
Matthew,spcond,acemcwq,2016-10-09,18.47,27.92,22.0769791666667,20.99,Mosquito Creek (MC)
Matthew,spcond,acemcwq,2016-10-10,11.24,28.07,17.8439583333333,17.635,Mosquito Creek (MC)
Matthew,spcond,acemcwq,2016-10-11,12.53,18.21,15.6476470588235,15.76,Mosquito Creek (MC)
Matthew,spcond,acespwq,2016-10-05,46.09,51.46,48.6740789473684,47.915,St. Pierre (SP)
Matthew,spcond,acespwq,2016-10-06,45.23,51.5,48.6315625,48.06,St. Pierre (SP)
Matthew,spcond,acespwq,2016-10-07,39.51,51.24,48.0465625,47.97,St. Pierre (SP)
Matthew,spcond,acespwq,2016-10-08,31.14,49.69,42.0058333333333,41.355,St. Pierre (SP)
Matthew,spcond,acespwq,2016-10-09,32.04,48.3,37.533125,34.96,St. Pierre (SP)
Matthew,spcond,acespwq,2016-10-10,32.7,50.54,40.8404166666667,40.4,St. Pierre (SP)
Matthew,spcond,acespwq,2016-10-11,36.27,40.8,37.3647058823529,36.68,St. Pierre (SP)
Matthew,spcond,niwcbwq,2016-10-05,50.36,53.76,51.4544736842105,50.895,Clambank (CB)
Matthew,spcond,niwcbwq,2016-10-06,52.75,53.37,53.1172916666667,53.1,Clambank (CB)
Matthew,spcond,niwcbwq,2016-10-07,52.02,53.07,52.78625,52.82,Clambank (CB)
Matthew,spcond,niwcbwq,2016-10-08,46.95,52.47,50.1995833333333,50.235,Clambank (CB)
Matthew,spcond,niwcbwq,2016-10-09,38.15,50.68,43.7859375,43.31,Clambank (CB)
Matthew,spcond,niwcbwq,2016-10-10,34.5,51.8,43.6041666666667,41.575,Clambank (CB)
Matthew,spcond,niwcbwq,2016-10-11,36.86,42.62,39.1035294117647,38.9,Clambank (CB)
Matthew,spcond,niwdcwq,2016-10-05,43.12,52.84,49.1515789473684,50.045,Debidue Creek (DC)
Matthew,spcond,niwdcwq,2016-10-06,42.81,52.81,49.6772916666667,50.67,Debidue Creek (DC)
Matthew,spcond,niwdcwq,2016-10-07,43.71,52.71,49.7977083333333,50.5,Debidue Creek (DC)
Matthew,spcond,niwdcwq,2016-10-08,24.17,51.63,45.5277083333333,47.495,Debidue Creek (DC)
Matthew,spcond,niwdcwq,2016-10-09,4.39,49.68,21.574375,17.08,Debidue Creek (DC)
Matthew,spcond,niwdcwq,2016-10-10,6.74,50.32,30.4253125,31.36,Debidue Creek (DC)
Matthew,spcond,niwdcwq,2016-10-11,18.75,30.65,23.0647058823529,21.68,Debidue Creek (DC)
Matthew,spcond,niwolwq,2016-10-05,50.33,53.01,51.8038666666667,51.89,Oyster Landing (OL)
Matthew,spcond,niwolwq,2016-10-06,50.87,52.86,52.1317708333333,52.33,Oyster Landing (OL)
Matthew,spcond,niwolwq,2016-10-07,50.2,52.68,51.845,52.125,Oyster Landing (OL)
Matthew,spcond,niwolwq,2016-10-08,32.65,51.8,47.2066666666667,47.885,Oyster Landing (OL)
Matthew,spcond,niwolwq,2016-10-09,12.28,49.35,30.0265625,31.48,Oyster Landing (OL)
Matthew,spcond,niwolwq,2016-10-10,21.84,50.6,38.3332291666667,39.67,Oyster Landing (OL)
Matthew,spcond,niwolwq,2016-10-11,32.01,41.97,36.0270588235294,35.23,Oyster Landing (OL)
Matthew,spcond,niwtawq,2016-10-05,11.29,19.67,15.2472368421053,15.135,Thousand Acre (TA)
Matthew,spcond,niwtawq,2016-10-06,13.85,20.5,16.9030208333333,17.22,Thousand Acre (TA)
Matthew,spcond,niwtawq,2016-10-07,16.08,25.2,20.9636458333333,20.745,Thousand Acre (TA)
Matthew,spcond,niwtawq,2016-10-08,17.4,40.06,30.231875,32.04,Thousand Acre (TA)
Matthew,spcond,niwtawq,2016-10-09,1.18,22.44,11.6413541666667,13.485,Thousand Acre (TA)
Matthew,spcond,niwtawq,2016-10-10,0.55,6.63,2.2446875,1.53,Thousand Acre (TA)
Matthew,spcond,niwtawq,2016-10-11,1.27,1.79,1.58588235294118,1.65,Thousand Acre (TA)
Matthew,spcond,niwwbwq,2016-10-05,7.15,33.62,22.05,23.97,Winyah Bay Bottom (WB)
Matthew,spcond,niwwbwq,2016-10-06,13.37,37.86,26.2977083333333,26.495,Winyah Bay Bottom (WB)
Matthew,spcond,niwwbwq,2016-10-07,13.65,39.25,29.7067708333333,29.81,Winyah Bay Bottom (WB)
Matthew,spcond,niwwbwq,2016-10-08,15.19,41.45,31.0927083333333,31.52,Winyah Bay Bottom (WB)
Matthew,spcond,niwwbwq,2016-10-09,0.62,14.65,4.658125,3.49,Winyah Bay Bottom (WB)
Matthew,spcond,niwwbwq,2016-10-10,0.21,31.04,4.06947916666667,0.495,Winyah Bay Bottom (WB)
Matthew,spcond,niwwbwq,2016-10-11,0.21,5.81,1.39764705882353,1,Winyah Bay Bottom (WB)
Matthew,spcond,niwwswq,2016-10-05,5.9,19.92,10.4765789473684,9.73,Winyah Bay Surface (WS)
Matthew,spcond,niwwswq,2016-10-06,6.89,23.58,12.4775,11.35,Winyah Bay Surface (WS)
Matthew,spcond,niwwswq,2016-10-07,8.95,22.84,14.1339583333333,13.23,Winyah Bay Surface (WS)
Matthew,spcond,niwwswq,2016-10-08,13.45,40.51,22.0763541666667,20.325,Winyah Bay Surface (WS)
Matthew,spcond,niwwswq,2016-10-09,0.58,13.22,3.88791666666667,2.52,Winyah Bay Surface (WS)
Matthew,spcond,niwwswq,2016-10-10,0.17,4.96,0.5246875,0.345,Winyah Bay Surface (WS)
Matthew,spcond,niwwswq,2016-10-11,0.22,1.38,0.478823529411765,0.37,Winyah Bay Surface (WS)
Matthew,spcond,nocrcwq,2016-10-05,46.9,51.44,49.0351315789474,48.755,Research Creek (RC)
Matthew,spcond,nocrcwq,2016-10-06,48.73,51.3,49.9922916666667,49.94,Research Creek (RC)
Matthew,spcond,nocrcwq,2016-10-07,48.61,51,49.8822916666667,49.815,Research Creek (RC)
Matthew,spcond,nocrcwq,2016-10-08,45.85,50.44,48.8875,49.165,Research Creek (RC)
Matthew,spcond,nocrcwq,2016-10-09,41.46,48.84,44.4404166666667,44.145,Research Creek (RC)
Matthew,spcond,nocrcwq,2016-10-10,42.55,49.63,45.8115625,45.515,Research Creek (RC)
Matthew,spcond,nocrcwq,2016-10-11,44.71,46.42,45.2747058823529,45.15,Research Creek (RC)
Matthew,spcond,noczbwq,2016-10-05,21.46,26.3,24.2346052631579,24.29,Zeke's Basin (ZB)
Matthew,spcond,noczbwq,2016-10-06,20.18,24.93,22.0884375,22.27,Zeke's Basin (ZB)
Matthew,spcond,noczbwq,2016-10-07,20.53,26.41,21.661875,21.5,Zeke's Basin (ZB)
Matthew,spcond,noczbwq,2016-10-08,21.44,31.62,24.2226041666667,23.21,Zeke's Basin (ZB)
Matthew,spcond,noczbwq,2016-10-09,20.55,27.94,24.7686458333333,24.325,Zeke's Basin (ZB)
Matthew,spcond,noczbwq,2016-10-10,19.1,27.22,24.6057291666667,25.25,Zeke's Basin (ZB)
Matthew,spcond,noczbwq,2016-10-11,22.14,23.45,22.79,22.74,Zeke's Basin (ZB)
Matthew,temp,aceeiwq,2016-10-05,77.18,78.44,77.6063157894737,77.54,Edisto Island (EI)
Matthew,temp,aceeiwq,2016-10-06,75.38,77.18,76.244375,76.1,Edisto Island (EI)
Matthew,temp,aceeiwq,2016-10-07,74.84,76.1,75.479375,75.47,Edisto Island (EI)
Matthew,temp,aceeiwq,2016-10-08,74.66,76.1,75.5375,75.56,Edisto Island (EI)
Matthew,temp,aceeiwq,2016-10-09,72.86,75.38,74.350625,74.48,Edisto Island (EI)
Matthew,temp,aceeiwq,2016-10-10,71.78,74.84,73.52,73.76,Edisto Island (EI)
Matthew,temp,aceeiwq,2016-10-11,72.68,73.58,73.0082352941177,72.86,Edisto Island (EI)
Matthew,temp,acefcwq,2016-10-05,69.98,75.38,72.3507894736842,72.23,Fishing Creek (FC)
Matthew,temp,acefcwq,2016-10-06,68.54,72.86,71.0075,71.42,Fishing Creek (FC)
Matthew,temp,acefcwq,2016-10-07,69.26,72.68,70.971875,71.24,Fishing Creek (FC)
Matthew,temp,acefcwq,2016-10-08,69.62,72.68,71.80625,71.6,Fishing Creek (FC)
Matthew,temp,acefcwq,2016-10-09,63.32,74.48,69.753125,70.34,Fishing Creek (FC)
Matthew,temp,acefcwq,2016-10-10,59.18,74.12,67.6175,68,Fishing Creek (FC)
Matthew,temp,acefcwq,2016-10-11,60.44,71.78,65.5647058823529,64.94,Fishing Creek (FC)
Matthew,temp,acegpwq,2016-10-05,74.84,77.72,76.0242105263158,75.92,Grove Plantation (GP)
Matthew,temp,acegpwq,2016-10-06,73.22,75.2,74.391875,74.48,Grove Plantation (GP)
Matthew,temp,acegpwq,2016-10-07,72.86,74.48,73.71875,73.76,Grove Plantation (GP)
Matthew,temp,acegpwq,2016-10-08,73.22,75.02,74.001875,73.76,Grove Plantation (GP)
Matthew,temp,acegpwq,2016-10-09,71.42,73.22,72.303125,72.14,Grove Plantation (GP)
Matthew,temp,acegpwq,2016-10-10,69.44,72.5,70.7,70.52,Grove Plantation (GP)
Matthew,temp,acegpwq,2016-10-11,69.08,70.16,69.7576470588235,69.98,Grove Plantation (GP)
Matthew,temp,acejiwq,2016-10-05,76.1,78.8,77.2557894736842,77.27,Jehossee Island (JI)
Matthew,temp,acejiwq,2016-10-06,75.02,76.64,75.68,75.56,Jehossee Island (JI)
Matthew,temp,acejiwq,2016-10-07,74.3,75.2,74.796875,74.84,Jehossee Island (JI)
Matthew,temp,acejiwq,2016-10-08,73.58,75.2,74.601875,74.66,Jehossee Island (JI)
Matthew,temp,acejiwq,2016-10-09,71.42,73.58,72.6125,72.5,Jehossee Island (JI)
Matthew,temp,acejiwq,2016-10-10,70.16,72.14,71.2025,71.42,Jehossee Island (JI)
Matthew,temp,acejiwq,2016-10-11,69.98,71.24,70.4988235294118,70.52,Jehossee Island (JI)
Matthew,temp,acemcwq,2016-10-05,77,79.16,77.9047368421053,77.81,Mosquito Creek (MC)
Matthew,temp,acemcwq,2016-10-06,75.56,77,76.3175,76.28,Mosquito Creek (MC)
Matthew,temp,acemcwq,2016-10-07,74.84,75.74,75.4325,75.38,Mosquito Creek (MC)
Matthew,temp,acemcwq,2016-10-08,74.12,75.38,74.97875,75.2,Mosquito Creek (MC)
Matthew,temp,acemcwq,2016-10-09,73.04,74.3,73.668125,73.76,Mosquito Creek (MC)
Matthew,temp,acemcwq,2016-10-10,71.24,73.76,72.606875,72.68,Mosquito Creek (MC)
Matthew,temp,acemcwq,2016-10-11,71.42,72.5,71.8011764705882,71.78,Mosquito Creek (MC)
Matthew,temp,acespwq,2016-10-05,73.94,78.08,76.4315789473684,77,St. Pierre (SP)
Matthew,temp,acespwq,2016-10-06,72.86,77.72,75.9125,76.28,St. Pierre (SP)
Matthew,temp,acespwq,2016-10-07,73.58,77.18,75.310625,75.47,St. Pierre (SP)
Matthew,temp,acespwq,2016-10-08,74.3,76.1,75.456875,75.56,St. Pierre (SP)
Matthew,temp,acespwq,2016-10-09,69.8,77.18,73.679375,74.3,St. Pierre (SP)
Matthew,temp,acespwq,2016-10-10,66.2,76.28,72.39125,73.94,St. Pierre (SP)
Matthew,temp,acespwq,2016-10-11,73.04,74.3,73.5376470588235,73.4,St. Pierre (SP)
Matthew,temp,niwcbwq,2016-10-05,74.12,77.54,75.7471052631579,76.1,Clambank (CB)
Matthew,temp,niwcbwq,2016-10-06,73.04,76.64,74.924375,74.84,Clambank (CB)
Matthew,temp,niwcbwq,2016-10-07,73.4,75.92,74.635625,74.66,Clambank (CB)
Matthew,temp,niwcbwq,2016-10-08,73.04,76.64,75.985625,76.37,Clambank (CB)
Matthew,temp,niwcbwq,2016-10-09,69.08,74.48,71.819375,72.32,Clambank (CB)
Matthew,temp,niwcbwq,2016-10-10,66.74,73.58,71.106875,71.78,Clambank (CB)
Matthew,temp,niwcbwq,2016-10-11,69.62,71.06,70.1282352941176,69.98,Clambank (CB)
Matthew,temp,niwdcwq,2016-10-05,73.58,76.28,75.1739473684211,75.74,Debidue Creek (DC)
Matthew,temp,niwdcwq,2016-10-06,72.86,76.28,74.538125,74.48,Debidue Creek (DC)
Matthew,temp,niwdcwq,2016-10-07,73.04,76.1,74.52875,74.39,Debidue Creek (DC)
Matthew,temp,niwdcwq,2016-10-08,73.76,76.82,76.135625,76.46,Debidue Creek (DC)
Matthew,temp,niwdcwq,2016-10-09,70.34,74.3,72.119375,72.32,Debidue Creek (DC)
Matthew,temp,niwdcwq,2016-10-10,67.1,72.86,70.698125,71.42,Debidue Creek (DC)
Matthew,temp,niwdcwq,2016-10-11,69.08,71.06,69.9058823529412,69.8,Debidue Creek (DC)
Matthew,temp,niwolwq,2016-10-05,73.4,77.18,75.4616,75.92,Oyster Landing (OL)
Matthew,temp,niwolwq,2016-10-06,72.68,76.46,74.740625,74.66,Oyster Landing (OL)
Matthew,temp,niwolwq,2016-10-07,73.04,76.28,74.583125,74.3,Oyster Landing (OL)
Matthew,temp,niwolwq,2016-10-08,73.58,76.82,76.218125,76.46,Oyster Landing (OL)
Matthew,temp,niwolwq,2016-10-09,68.18,74.48,71.705,72.32,Oyster Landing (OL)
Matthew,temp,niwolwq,2016-10-10,66.74,73.4,70.9175,71.87,Oyster Landing (OL)
Matthew,temp,niwolwq,2016-10-11,69.62,71.42,70.3929411764706,70.34,Oyster Landing (OL)
Matthew,temp,niwtawq,2016-10-05,71.42,77.72,74.8613157894737,75.38,Thousand Acre (TA)
Matthew,temp,niwtawq,2016-10-06,70.34,75.92,73.788125,74.12,Thousand Acre (TA)
Matthew,temp,niwtawq,2016-10-07,72.32,75.02,73.7975,73.94,Thousand Acre (TA)
Matthew,temp,niwtawq,2016-10-08,73.94,75.56,75.06875,75.2,Thousand Acre (TA)
Matthew,temp,niwtawq,2016-10-09,68.9,73.94,71.75,72.05,Thousand Acre (TA)
Matthew,temp,niwtawq,2016-10-10,64.76,71.78,69.1325,69.8,Thousand Acre (TA)
Matthew,temp,niwtawq,2016-10-11,67.82,70.7,69.1752941176471,69.08,Thousand Acre (TA)
Matthew,temp,niwwbwq,2016-10-05,76.64,78.8,77.7223684210526,77.36,Winyah Bay Bottom (WB)
Matthew,temp,niwwbwq,2016-10-06,75.38,77.36,76.533125,76.64,Winyah Bay Bottom (WB)
Matthew,temp,niwwbwq,2016-10-07,75.2,75.92,75.666875,75.74,Winyah Bay Bottom (WB)
Matthew,temp,niwwbwq,2016-10-08,75.2,76.1,75.78125,75.92,Winyah Bay Bottom (WB)
Matthew,temp,niwwbwq,2016-10-09,72.68,75.2,73.65875,73.4,Winyah Bay Bottom (WB)
Matthew,temp,niwwbwq,2016-10-10,70.88,73.4,72.243125,72.32,Winyah Bay Bottom (WB)
Matthew,temp,niwwbwq,2016-10-11,71.42,72.32,71.7588235294118,71.78,Winyah Bay Bottom (WB)
Matthew,temp,niwwswq,2016-10-05,76.46,78.08,77.0023684210526,77,Winyah Bay Surface (WS)
Matthew,temp,niwwswq,2016-10-06,74.66,77.36,75.8525,75.74,Winyah Bay Surface (WS)
Matthew,temp,niwwswq,2016-10-07,74.66,75.92,75.35,75.38,Winyah Bay Surface (WS)
Matthew,temp,niwwswq,2016-10-08,75.02,76.28,75.88625,75.92,Winyah Bay Surface (WS)
Matthew,temp,niwwswq,2016-10-09,72.86,75.02,73.80875,73.58,Winyah Bay Surface (WS)
Matthew,temp,niwwswq,2016-10-10,71.42,73.4,72.303125,72.32,Winyah Bay Surface (WS)
Matthew,temp,niwwswq,2016-10-11,71.42,72.14,71.8435294117647,71.96,Winyah Bay Surface (WS)
Matthew,temp,nocrcwq,2016-10-05,72.86,77.9,75.9247368421053,76.46,Research Creek (RC)
Matthew,temp,nocrcwq,2016-10-06,72.68,77.18,75.47375,75.65,Research Creek (RC)
Matthew,temp,nocrcwq,2016-10-07,74.66,77.36,76.015625,75.92,Research Creek (RC)
Matthew,temp,nocrcwq,2016-10-08,75.92,77.18,76.7825,76.82,Research Creek (RC)
Matthew,temp,nocrcwq,2016-10-09,66.92,75.74,71.785625,71.96,Research Creek (RC)
Matthew,temp,nocrcwq,2016-10-10,65.48,73.76,70.214375,70.43,Research Creek (RC)
Matthew,temp,nocrcwq,2016-10-11,67.64,70.52,68.5082352941177,68.36,Research Creek (RC)
Matthew,temp,noczbwq,2016-10-05,70.7,75.38,73.1844736842105,73.04,Zeke's Basin (ZB)
Matthew,temp,noczbwq,2016-10-06,69.98,74.84,72.685625,72.86,Zeke's Basin (ZB)
Matthew,temp,noczbwq,2016-10-07,73.04,77.54,74.66375,74.03,Zeke's Basin (ZB)
Matthew,temp,noczbwq,2016-10-08,75.56,77.36,76.6925,76.73,Zeke's Basin (ZB)
Matthew,temp,noczbwq,2016-10-09,66.2,75.02,70.116875,70.88,Zeke's Basin (ZB)
Matthew,temp,noczbwq,2016-10-10,62.6,70.34,66.0125,66.2,Zeke's Basin (ZB)
Matthew,temp,noczbwq,2016-10-11,65.48,67.64,66.6658823529412,66.92,Zeke's Basin (ZB)
Matthew,turb,aceeiwq,2016-10-05,5,64,19.7236842105263,17,Edisto Island (EI)
Matthew,turb,aceeiwq,2016-10-06,4,55,18.1666666666667,15,Edisto Island (EI)
Matthew,turb,aceeiwq,2016-10-07,7,95,25.96875,18,Edisto Island (EI)
Matthew,turb,aceeiwq,2016-10-08,19,349,98.625,69.5,Edisto Island (EI)
Matthew,turb,aceeiwq,2016-10-09,9,241,33.8541666666667,21.5,Edisto Island (EI)
Matthew,turb,aceeiwq,2016-10-10,6,108,27,19.5,Edisto Island (EI)
Matthew,turb,aceeiwq,2016-10-11,10,37,20.6470588235294,17,Edisto Island (EI)
Matthew,turb,acefcwq,2016-10-05,13,57,31.6315789473684,31,Fishing Creek (FC)
Matthew,turb,acefcwq,2016-10-06,9,50,27.7916666666667,26.5,Fishing Creek (FC)
Matthew,turb,acefcwq,2016-10-07,8,43,22.3020833333333,21,Fishing Creek (FC)
Matthew,turb,acefcwq,2016-10-08,15,115,48.7291666666667,43.5,Fishing Creek (FC)
Matthew,turb,acefcwq,2016-10-09,13,145,29.4791666666667,20,Fishing Creek (FC)
Matthew,turb,acefcwq,2016-10-10,8,92,30.9895833333333,23.5,Fishing Creek (FC)
Matthew,turb,acefcwq,2016-10-11,23,49,36.9411764705882,36,Fishing Creek (FC)
Matthew,turb,acegpwq,2016-10-05,19,179,64.0921052631579,61.5,Grove Plantation (GP)
Matthew,turb,acegpwq,2016-10-06,16,156,54,47.5,Grove Plantation (GP)
Matthew,turb,acegpwq,2016-10-07,17,171,49.3541666666667,40,Grove Plantation (GP)
Matthew,turb,acegpwq,2016-10-08,17,594,139.822916666667,89,Grove Plantation (GP)
Matthew,turb,acegpwq,2016-10-09,15,118,30.9791666666667,25.5,Grove Plantation (GP)
Matthew,turb,acegpwq,2016-10-10,9,44,16.5625,15,Grove Plantation (GP)
Matthew,turb,acegpwq,2016-10-11,14,22,18.7058823529412,20,Grove Plantation (GP)
Matthew,turb,acejiwq,2016-10-05,43,265,94.4605263157895,77.5,Jehossee Island (JI)
Matthew,turb,acejiwq,2016-10-06,42,541,154.260416666667,120,Jehossee Island (JI)
Matthew,turb,acejiwq,2016-10-07,3,285,11.4791666666667,7,Jehossee Island (JI)
Matthew,turb,acejiwq,2016-10-08,4,54,12.2708333333333,8,Jehossee Island (JI)
Matthew,turb,acejiwq,2016-10-09,3,20,5.1875,4,Jehossee Island (JI)
Matthew,turb,acejiwq,2016-10-10,3,14,5.72916666666667,5,Jehossee Island (JI)
Matthew,turb,acejiwq,2016-10-11,5,47,9.88235294117647,7,Jehossee Island (JI)
Matthew,turb,acemcwq,2016-10-05,12,43,22.5263157894737,21,Mosquito Creek (MC)
Matthew,turb,acemcwq,2016-10-06,8,40,20.75,19,Mosquito Creek (MC)
Matthew,turb,acemcwq,2016-10-07,11,37,20.8854166666667,19,Mosquito Creek (MC)
Matthew,turb,acemcwq,2016-10-08,15,103,45.5104166666667,44,Mosquito Creek (MC)
Matthew,turb,acemcwq,2016-10-09,6,30,17.4166666666667,18,Mosquito Creek (MC)
Matthew,turb,acemcwq,2016-10-10,5,23,13.15625,12,Mosquito Creek (MC)
Matthew,turb,acemcwq,2016-10-11,12,24,18.5882352941176,18,Mosquito Creek (MC)
Matthew,turb,acespwq,2016-10-05,9,47,21.9868421052632,20,St. Pierre (SP)
Matthew,turb,acespwq,2016-10-06,8,49,19.8333333333333,18,St. Pierre (SP)
Matthew,turb,acespwq,2016-10-07,8,79,22.9791666666667,19.5,St. Pierre (SP)
Matthew,turb,acespwq,2016-10-08,23,303,87,73,St. Pierre (SP)
Matthew,turb,acespwq,2016-10-09,12,165,35.25,21,St. Pierre (SP)
Matthew,turb,acespwq,2016-10-10,10,282,38.3645833333333,19.5,St. Pierre (SP)
Matthew,turb,acespwq,2016-10-11,12,109,33.4705882352941,19,St. Pierre (SP)
Matthew,turb,niwcbwq,2016-10-05,6,36,16.3947368421053,15,Clambank (CB)
Matthew,turb,niwcbwq,2016-10-06,8,32,16.09375,16,Clambank (CB)
Matthew,turb,niwcbwq,2016-10-07,7,22,14.2291666666667,14,Clambank (CB)
Matthew,turb,niwcbwq,2016-10-08,13,858,80.8085106382979,46,Clambank (CB)
Matthew,turb,niwcbwq,2016-10-09,19,831,86.9263157894737,37,Clambank (CB)
Matthew,turb,niwcbwq,2016-10-10,14,427,31.9895833333333,23,Clambank (CB)
Matthew,turb,niwcbwq,2016-10-11,15,36,25.6470588235294,26,Clambank (CB)
Matthew,turb,niwdcwq,2016-10-05,9,33,15.8026315789474,15,Debidue Creek (DC)
Matthew,turb,niwdcwq,2016-10-06,7,32,14.3854166666667,13.5,Debidue Creek (DC)
Matthew,turb,niwdcwq,2016-10-07,6,23,13.4166666666667,13,Debidue Creek (DC)
Matthew,turb,niwdcwq,2016-10-08,11,182,42.5729166666667,27.5,Debidue Creek (DC)
Matthew,turb,niwdcwq,2016-10-09,12,102,32.0208333333333,25,Debidue Creek (DC)
Matthew,turb,niwdcwq,2016-10-10,11,68,19.8333333333333,16,Debidue Creek (DC)
Matthew,turb,niwdcwq,2016-10-11,12,19,13.9411764705882,14,Debidue Creek (DC)
Matthew,turb,niwolwq,2016-10-05,8,46,18.9866666666667,15,Oyster Landing (OL)
Matthew,turb,niwolwq,2016-10-06,6,39,15.4479166666667,14,Oyster Landing (OL)
Matthew,turb,niwolwq,2016-10-07,7,39,15.0416666666667,14,Oyster Landing (OL)
Matthew,turb,niwolwq,2016-10-08,13,132,44.7604166666667,36.5,Oyster Landing (OL)
Matthew,turb,niwolwq,2016-10-09,13,138,40.0625,28,Oyster Landing (OL)
Matthew,turb,niwolwq,2016-10-10,10,102,23.4166666666667,18,Oyster Landing (OL)
Matthew,turb,niwolwq,2016-10-11,12,27,18.2941176470588,17,Oyster Landing (OL)
Matthew,turb,niwtawq,2016-10-05,9,759,94.0394736842105,59.5,Thousand Acre (TA)
Matthew,turb,niwtawq,2016-10-06,7,992,81.0208333333333,38,Thousand Acre (TA)
Matthew,turb,niwtawq,2016-10-07,6,442,88.4,42,Thousand Acre (TA)
Matthew,turb,niwtawq,2016-10-08,22,891,272.887640449438,218,Thousand Acre (TA)
Matthew,turb,niwtawq,2016-10-09,29,987,494.481481481481,471.5,Thousand Acre (TA)
Matthew,turb,niwtawq,2016-10-10,12,975,229.946666666667,64,Thousand Acre (TA)
Matthew,turb,niwtawq,2016-10-11,23,50,31.8823529411765,32,Thousand Acre (TA)
Matthew,turb,niwwbwq,2016-10-05,3,89,17.8552631578947,14,Winyah Bay Bottom (WB)
Matthew,turb,niwwbwq,2016-10-06,4,99,15.1979166666667,11,Winyah Bay Bottom (WB)
Matthew,turb,niwwbwq,2016-10-07,4,104,14.0520833333333,8,Winyah Bay Bottom (WB)
Matthew,turb,niwwbwq,2016-10-08,7,945,94.125,61,Winyah Bay Bottom (WB)
Matthew,turb,niwwbwq,2016-10-09,10,257,58.65625,43.5,Winyah Bay Bottom (WB)
Matthew,turb,niwwbwq,2016-10-10,8,140,37.9479166666667,29,Winyah Bay Bottom (WB)
Matthew,turb,niwwbwq,2016-10-11,24,149,72.7647058823529,71,Winyah Bay Bottom (WB)
Matthew,turb,niwwswq,2016-10-05,5,24,10.2763157894737,10,Winyah Bay Surface (WS)
Matthew,turb,niwwswq,2016-10-06,4,18,7.625,7,Winyah Bay Surface (WS)
Matthew,turb,niwwswq,2016-10-07,4,18,6.48958333333333,6,Winyah Bay Surface (WS)
Matthew,turb,niwwswq,2016-10-08,6,197,47.6354166666667,34,Winyah Bay Surface (WS)
Matthew,turb,niwwswq,2016-10-09,11,51,23.53125,22,Winyah Bay Surface (WS)
Matthew,turb,niwwswq,2016-10-10,12,67,22.5104166666667,17.5,Winyah Bay Surface (WS)
Matthew,turb,niwwswq,2016-10-11,15,70,37.2941176470588,35,Winyah Bay Surface (WS)
Matthew,turb,nocrcwq,2016-10-05,2,7,4.25,4,Research Creek (RC)
Matthew,turb,nocrcwq,2016-10-06,2,7,3.90625,4,Research Creek (RC)
Matthew,turb,nocrcwq,2016-10-07,2,7,3.64583333333333,3,Research Creek (RC)
Matthew,turb,nocrcwq,2016-10-08,2,88,16.0416666666667,10.5,Research Creek (RC)
Matthew,turb,nocrcwq,2016-10-09,7,78,22.5520833333333,16,Research Creek (RC)
Matthew,turb,nocrcwq,2016-10-10,3,19,6.84375,6,Research Creek (RC)
Matthew,turb,nocrcwq,2016-10-11,4,6,5.05882352941176,5,Research Creek (RC)
Matthew,turb,noczbwq,2016-10-05,9,41,17.2236842105263,16,Zeke's Basin (ZB)
Matthew,turb,noczbwq,2016-10-06,11,32,16.7916666666667,15.5,Zeke's Basin (ZB)
Matthew,turb,noczbwq,2016-10-07,7,133,16.625,13,Zeke's Basin (ZB)
Matthew,turb,noczbwq,2016-10-08,8,844,169.71875,103.5,Zeke's Basin (ZB)
Matthew,turb,noczbwq,2016-10-09,-1,947,165.38202247191,58,Zeke's Basin (ZB)
Matthew,turb,noczbwq,2016-10-10,10,38,21.3020833333333,21,Zeke's Basin (ZB)
Matthew,turb,noczbwq,2016-10-11,11,26,17.2352941176471,16,Zeke's Basin (ZB)
